"Date","cellLine","well","rel.time","cell.count","Drug","Conc","Units","UID","nl2","norm.cell"
"3/14/15","A2058","B02",0,120,"control",0,"M","A2058_B02",0,100
"3/14/15","A2058","B02",18,216,"control",0,"M","A2058_B02",0.84799690655495,180
"3/14/15","A2058","B02",43,470,"control",0,"M","A2058_B02",1.96962635095648,392
"3/14/15","A2058","B02",50,611,"control",0,"M","A2058_B02",2.34813797421021,509
"3/14/15","A2058","B02",61,783,"control",0,"M","A2058_B02",2.70597790168252,652
"3/14/15","A2058","B02",67,1051,"control",0,"M","A2058_B02",3.13065635835366,876
"3/14/15","A2058","B02",85,1750,"control",0,"M","A2058_B02",3.86624861111117,1458
"3/14/15","A2058","B02",96,2272,"control",0,"M","A2058_B02",4.24285652389616,1893
"3/14/15","A2058","B02",115,4416,"control",0,"M","A2058_B02",5.20163386116965,3680
"3/14/15","A2058","B03",0,107,"PLX4720 (nM)",1.25e-07,"M","A2058_B03",0,100
"3/14/15","A2058","B03",18,202,"PLX4720 (nM)",1.25e-07,"M","A2058_B03",0.916744496350647,189
"3/14/15","A2058","B03",43,412,"PLX4720 (nM)",1.25e-07,"M","A2058_B03",1.94503354078207,385
"3/14/15","A2058","B03",50,513,"PLX4720 (nM)",1.25e-07,"M","A2058_B03",2.26134802920591,479
"3/14/15","A2058","B03",61,713,"PLX4720 (nM)",1.25e-07,"M","A2058_B03",2.73629128004274,666
"3/14/15","A2058","B03",67,849,"PLX4720 (nM)",1.25e-07,"M","A2058_B03",2.98815375715189,793
"3/14/15","A2058","B03",85,1520,"PLX4720 (nM)",1.25e-07,"M","A2058_B03",3.8283886219298,1421
"3/14/15","A2058","B03",96,2139,"PLX4720 (nM)",1.25e-07,"M","A2058_B03",4.3212537807639,1999
"3/14/15","A2058","B03",115,3636,"PLX4720 (nM)",1.25e-07,"M","A2058_B03",5.08666949779296,3398
"3/14/15","A2058","B04",0,147,"PLX4720 (nM)",2.5e-07,"M","A2058_B04",0,100
"3/14/15","A2058","B04",18,253,"PLX4720 (nM)",2.5e-07,"M","A2058_B04",0.783321229857946,172
"3/14/15","A2058","B04",43,556,"PLX4720 (nM)",2.5e-07,"M","A2058_B04",1.91926872788714,378
"3/14/15","A2058","B04",50,690,"PLX4720 (nM)",2.5e-07,"M","A2058_B04",2.23078020682917,469
"3/14/15","A2058","B04",61,995,"PLX4720 (nM)",2.5e-07,"M","A2058_B04",2.75888037059465,677
"3/14/15","A2058","B04",67,1286,"PLX4720 (nM)",2.5e-07,"M","A2058_B04",3.12900258249158,875
"3/14/15","A2058","B04",85,2176,"PLX4720 (nM)",2.5e-07,"M","A2058_B04",3.88779049641397,1480
"3/14/15","A2058","B04",96,3215,"PLX4720 (nM)",2.5e-07,"M","A2058_B04",4.45093067737894,2187
"3/14/15","A2058","B04",115,5236,"PLX4720 (nM)",2.5e-07,"M","A2058_B04",5.15457703710888,3562
"3/14/15","A2058","B05",0,163,"PLX4720 (nM)",5e-07,"M","A2058_B05",0,100
"3/14/15","A2058","B05",18,258,"PLX4720 (nM)",5e-07,"M","A2058_B05",0.662499101192177,158
"3/14/15","A2058","B05",43,548,"PLX4720 (nM)",5e-07,"M","A2058_B05",1.74930392872945,336
"3/14/15","A2058","B05",50,658,"PLX4720 (nM)",5e-07,"M","A2058_B05",2.01321561950416,404
"3/14/15","A2058","B05",61,918,"PLX4720 (nM)",5e-07,"M","A2058_B05",2.49362218918273,563
"3/14/15","A2058","B05",67,997,"PLX4720 (nM)",5e-07,"M","A2058_B05",2.61272154016712,612
"3/14/15","A2058","B05",85,1576,"PLX4720 (nM)",5e-07,"M","A2058_B05",3.2733236652253,967
"3/14/15","A2058","B05",96,2510,"PLX4720 (nM)",5e-07,"M","A2058_B05",3.94474349460706,1540
"3/14/15","A2058","B05",115,3973,"PLX4720 (nM)",5e-07,"M","A2058_B05",4.60728492385702,2437
"3/14/15","A2058","B06",0,96,"PLX4720 (nM)",1e-06,"M","A2058_B06",0,100
"3/14/15","A2058","B06",18,173,"PLX4720 (nM)",1e-06,"M","A2058_B06",0.849665726915569,180
"3/14/15","A2058","B06",43,319,"PLX4720 (nM)",1e-06,"M","A2058_B06",1.73245011304371,332
"3/14/15","A2058","B06",50,428,"PLX4720 (nM)",1e-06,"M","A2058_B06",2.15650448567999,446
"3/14/15","A2058","B06",61,611,"PLX4720 (nM)",1e-06,"M","A2058_B06",2.67006606909757,636
"3/14/15","A2058","B06",67,754,"PLX4720 (nM)",1e-06,"M","A2058_B06",2.97345821254751,785
"3/14/15","A2058","B06",85,1211,"PLX4720 (nM)",1e-06,"M","A2058_B06",3.65702064897317,1261
"3/14/15","A2058","B06",96,1671,"PLX4720 (nM)",1e-06,"M","A2058_B06",4.12153351734003,1741
"3/14/15","A2058","B06",115,2755,"PLX4720 (nM)",1e-06,"M","A2058_B06",4.84287410273736,2870
"3/14/15","A2058","B07",0,206,"PLX4720 (nM)",2e-06,"M","A2058_B07",0,100
"3/14/15","A2058","B07",18,357,"PLX4720 (nM)",2e-06,"M","A2058_B07",0.79327973684588,173
"3/14/15","A2058","B07",43,741,"PLX4720 (nM)",2e-06,"M","A2058_B07",1.84682920512262,360
"3/14/15","A2058","B07",50,894,"PLX4720 (nM)",2e-06,"M","A2058_B07",2.1176304940001,434
"3/14/15","A2058","B07",61,1302,"PLX4720 (nM)",2e-06,"M","A2058_B07",2.66001320598242,632
"3/14/15","A2058","B07",67,1435,"PLX4720 (nM)",2e-06,"M","A2058_B07",2.80033449437983,697
"3/14/15","A2058","B07",85,2419,"PLX4720 (nM)",2e-06,"M","A2058_B07",3.55369452679671,1174
"3/14/15","A2058","B07",96,3112,"PLX4720 (nM)",2e-06,"M","A2058_B07",3.91712581780297,1511
"3/14/15","A2058","B07",115,4980,"PLX4720 (nM)",2e-06,"M","A2058_B07",4.59542949977222,2417
"3/14/15","A2058","B08",0,160,"PLX4720 (nM)",4e-06,"M","A2058_B08",0,100
"3/14/15","A2058","B08",18,304,"PLX4720 (nM)",4e-06,"M","A2058_B08",0.925999418556223,190
"3/14/15","A2058","B08",43,579,"PLX4720 (nM)",4e-06,"M","A2058_B08",1.85549144310187,362
"3/14/15","A2058","B08",50,672,"PLX4720 (nM)",4e-06,"M","A2058_B08",2.0703893278914,420
"3/14/15","A2058","B08",61,973,"PLX4720 (nM)",4e-06,"M","A2058_B08",2.60436789989375,608
"3/14/15","A2058","B08",67,1090,"PLX4720 (nM)",4e-06,"M","A2058_B08",2.76818432477693,681
"3/14/15","A2058","B08",85,1738,"PLX4720 (nM)",4e-06,"M","A2058_B08",3.44128427192704,1086
"3/14/15","A2058","B08",96,2351,"PLX4720 (nM)",4e-06,"M","A2058_B08",3.87713072876566,1469
"3/14/15","A2058","B08",115,3664,"PLX4720 (nM)",4e-06,"M","A2058_B08",4.51727569320958,2290
"3/14/15","A2058","B09",0,122,"PLX4720 (nM)",8e-06,"M","A2058_B09",0,100
"3/14/15","A2058","B09",18,193,"PLX4720 (nM)",8e-06,"M","A2058_B09",0.661719699705194,158
"3/14/15","A2058","B09",43,364,"PLX4720 (nM)",8e-06,"M","A2058_B09",1.57705730263581,298
"3/14/15","A2058","B09",50,412,"PLX4720 (nM)",8e-06,"M","A2058_B09",1.75576318962033,338
"3/14/15","A2058","B09",61,572,"PLX4720 (nM)",8e-06,"M","A2058_B09",2.2291339992155,469
"3/14/15","A2058","B09",67,606,"PLX4720 (nM)",8e-06,"M","A2058_B09",2.31243664591006,497
"3/14/15","A2058","B09",85,983,"PLX4720 (nM)",8e-06,"M","A2058_B09",3.01031026877769,806
"3/14/15","A2058","B09",96,1306,"PLX4720 (nM)",8e-06,"M","A2058_B09",3.42020184398354,1070
"3/14/15","A2058","B09",115,2019,"PLX4720 (nM)",8e-06,"M","A2058_B09",4.04868785776859,1655
"3/14/15","A2058","B10",0,130,"PLX4720 (nM)",1.6e-05,"M","A2058_B10",0,100
"3/14/15","A2058","B10",18,196,"PLX4720 (nM)",1.6e-05,"M","A2058_B10",0.592342031086754,151
"3/14/15","A2058","B10",43,329,"PLX4720 (nM)",1.6e-05,"M","A2058_B10",1.33957596070679,253
"3/14/15","A2058","B10",50,372,"PLX4720 (nM)",1.6e-05,"M","A2058_B10",1.51679099807958,286
"3/14/15","A2058","B10",61,414,"PLX4720 (nM)",1.6e-05,"M","A2058_B10",1.67111914447087,318
"3/14/15","A2058","B10",67,509,"PLX4720 (nM)",1.6e-05,"M","A2058_B10",1.96915403304724,392
"3/14/15","A2058","B10",85,685,"PLX4720 (nM)",1.6e-05,"M","A2058_B10",2.39759236481943,527
"3/14/15","A2058","B10",96,903,"PLX4720 (nM)",1.6e-05,"M","A2058_B10",2.7962143644524,695
"3/14/15","A2058","B10",115,1237,"PLX4720 (nM)",1.6e-05,"M","A2058_B10",3.25026197194792,952
"3/14/15","A2058","B11",0,119,"PLX4720 (nM)",3.2e-05,"M","A2058_B11",0,100
"3/14/15","A2058","B11",18,178,"PLX4720 (nM)",3.2e-05,"M","A2058_B11",0.580915667658454,150
"3/14/15","A2058","B11",43,278,"PLX4720 (nM)",3.2e-05,"M","A2058_B11",1.22412330941556,234
"3/14/15","A2058","B11",50,320,"PLX4720 (nM)",3.2e-05,"M","A2058_B11",1.42711033157942,269
"3/14/15","A2058","B11",61,397,"PLX4720 (nM)",3.2e-05,"M","A2058_B11",1.73817743383501,334
"3/14/15","A2058","B11",67,418,"PLX4720 (nM)",3.2e-05,"M","A2058_B11",1.81254136877294,351
"3/14/15","A2058","B11",85,549,"PLX4720 (nM)",3.2e-05,"M","A2058_B11",2.20584457569726,461
"3/14/15","A2058","B11",96,720,"PLX4720 (nM)",3.2e-05,"M","A2058_B11",2.59703533302173,605
"3/14/15","A2058","B11",115,923,"PLX4720 (nM)",3.2e-05,"M","A2058_B11",2.95536907433783,776
"3/14/15","A2058","C02",0,150,"control",0,"M","A2058_C02",0,100
"3/14/15","A2058","C02",18,249,"control",0,"M","A2058_C02",0.7311832415722,166
"3/14/15","A2058","C02",43,585,"control",0,"M","A2058_C02",1.96347412397489,390
"3/14/15","A2058","C02",50,707,"control",0,"M","A2058_C02",2.23674771431352,471
"3/14/15","A2058","C02",61,990,"control",0,"M","A2058_C02",2.72246602447109,660
"3/14/15","A2058","C02",67,1214,"control",0,"M","A2058_C02",3.0167340157598,809
"3/14/15","A2058","C02",85,2167,"control",0,"M","A2058_C02",3.85266474759779,1445
"3/14/15","A2058","C02",96,3086,"control",0,"M","A2058_C02",4.36270365607485,2057
"3/14/15","A2058","C02",115,5623,"control",0,"M","A2058_C02",5.22830564104492,3749
"3/14/15","A2058","C03",0,104,"PLX4720 (nM)",1.25e-07,"M","A2058_C03",0,100
"3/14/15","A2058","C03",18,184,"PLX4720 (nM)",1.25e-07,"M","A2058_C03",0.823122237915921,177
"3/14/15","A2058","C03",43,408,"PLX4720 (nM)",1.25e-07,"M","A2058_C03",1.9719856238304,392
"3/14/15","A2058","C03",50,476,"PLX4720 (nM)",1.25e-07,"M","A2058_C03",2.19437804516685,458
"3/14/15","A2058","C03",61,710,"PLX4720 (nM)",1.25e-07,"M","A2058_C03",2.77123549625095,683
"3/14/15","A2058","C03",67,817,"PLX4720 (nM)",1.25e-07,"M","A2058_C03",2.97375255000459,786
"3/14/15","A2058","C03",85,1450,"PLX4720 (nM)",1.25e-07,"M","A2058_C03",3.8013974667612,1394
"3/14/15","A2058","C03",96,2147,"PLX4720 (nM)",1.25e-07,"M","A2058_C03",4.36766675771768,2064
"3/14/15","A2058","C03",115,3564,"PLX4720 (nM)",1.25e-07,"M","A2058_C03",5.09884190338083,3427
"3/14/15","A2058","C04",0,125,"PLX4720 (nM)",2.5e-07,"M","A2058_C04",0,100
"3/14/15","A2058","C04",18,199,"PLX4720 (nM)",2.5e-07,"M","A2058_C04",0.670840335881562,159
"3/14/15","A2058","C04",43,440,"PLX4720 (nM)",2.5e-07,"M","A2058_C04",1.81557542886257,352
"3/14/15","A2058","C04",50,530,"PLX4720 (nM)",2.5e-07,"M","A2058_C04",2.08406426478848,424
"3/14/15","A2058","C04",61,806,"PLX4720 (nM)",2.5e-07,"M","A2058_C04",2.68885174386588,645
"3/14/15","A2058","C04",67,999,"PLX4720 (nM)",2.5e-07,"M","A2058_C04",2.99855658313033,799
"3/14/15","A2058","C04",85,1722,"PLX4720 (nM)",2.5e-07,"M","A2058_C04",3.78408514273476,1378
"3/14/15","A2058","C04",96,2298,"PLX4720 (nM)",2.5e-07,"M","A2058_C04",4.20037879798403,1838
"3/14/15","A2058","C04",115,4041,"PLX4720 (nM)",2.5e-07,"M","A2058_C04",5.01471235152137,3233
"3/14/15","A2058","C05",0,172,"PLX4720 (nM)",5e-07,"M","A2058_C05",0,100
"3/14/15","A2058","C05",18,295,"PLX4720 (nM)",5e-07,"M","A2058_C05",0.778306389547106,172
"3/14/15","A2058","C05",43,702,"PLX4720 (nM)",5e-07,"M","A2058_C05",2.02906246560246,408
"3/14/15","A2058","C05",50,870,"PLX4720 (nM)",5e-07,"M","A2058_C05",2.33860683603399,506
"3/14/15","A2058","C05",61,1184,"PLX4720 (nM)",5e-07,"M","A2058_C05",2.78318861092685,688
"3/14/15","A2058","C05",67,1417,"PLX4720 (nM)",5e-07,"M","A2058_C05",3.04235928821592,824
"3/14/15","A2058","C05",85,2430,"PLX4720 (nM)",5e-07,"M","A2058_C05",3.82047584379105,1413
"3/14/15","A2058","C05",96,3390,"PLX4720 (nM)",5e-07,"M","A2058_C05",4.30080480332161,1971
"3/14/15","A2058","C05",115,5310,"PLX4720 (nM)",5e-07,"M","A2058_C05",4.94823139098942,3087
"3/14/15","A2058","C06",0,93,"PLX4720 (nM)",1e-06,"M","A2058_C06",0,100
"3/14/15","A2058","C06",18,164,"PLX4720 (nM)",1e-06,"M","A2058_C06",0.818393193510053,176
"3/14/15","A2058","C06",43,335,"PLX4720 (nM)",1e-06,"M","A2058_C06",1.8488584742371,360
"3/14/15","A2058","C06",50,405,"PLX4720 (nM)",1e-06,"M","A2058_C06",2.12261928666396,435
"3/14/15","A2058","C06",61,574,"PLX4720 (nM)",1e-06,"M","A2058_C06",2.62574811556766,617
"3/14/15","A2058","C06",67,614,"PLX4720 (nM)",1e-06,"M","A2058_C06",2.72293603426215,660
"3/14/15","A2058","C06",85,983,"PLX4720 (nM)",1e-06,"M","A2058_C06",3.40188879523255,1057
"3/14/15","A2058","C06",96,1235,"PLX4720 (nM)",1e-06,"M","A2058_C06",3.73113651536401,1328
"3/14/15","A2058","C06",115,2542,"PLX4720 (nM)",1e-06,"M","A2058_C06",4.77258950389693,2733
"3/14/15","A2058","C07",0,143,"PLX4720 (nM)",2e-06,"M","A2058_C07",0,100
"3/14/15","A2058","C07",18,227,"PLX4720 (nM)",2e-06,"M","A2058_C07",0.666677150512526,159
"3/14/15","A2058","C07",43,430,"PLX4720 (nM)",2e-06,"M","A2058_C07",1.58832151281107,301
"3/14/15","A2058","C07",50,536,"PLX4720 (nM)",2e-06,"M","A2058_C07",1.90621785367938,375
"3/14/15","A2058","C07",61,696,"PLX4720 (nM)",2e-06,"M","A2058_C07",2.28307215907034,487
"3/14/15","A2058","C07",67,847,"PLX4720 (nM)",2e-06,"M","A2058_C07",2.56634682255381,592
"3/14/15","A2058","C07",85,1356,"PLX4720 (nM)",2e-06,"M","A2058_C07",3.24527012635795,948
"3/14/15","A2058","C07",96,1757,"PLX4720 (nM)",2e-06,"M","A2058_C07",3.61902713922999,1229
"3/14/15","A2058","C07",115,2827,"PLX4720 (nM)",2e-06,"M","A2058_C07",4.30518483105279,1977
"3/14/15","A2058","C08",0,114,"PLX4720 (nM)",4e-06,"M","A2058_C08",0,100
"3/14/15","A2058","C08",18,181,"PLX4720 (nM)",4e-06,"M","A2058_C08",0.666955872918464,159
"3/14/15","A2058","C08",43,345,"PLX4720 (nM)",4e-06,"M","A2058_C08",1.59756253750079,303
"3/14/15","A2058","C08",50,421,"PLX4720 (nM)",4e-06,"M","A2058_C08",1.88478640890165,369
"3/14/15","A2058","C08",61,584,"PLX4720 (nM)",4e-06,"M","A2058_C08",2.35693454471528,512
"3/14/15","A2058","C08",67,685,"PLX4720 (nM)",4e-06,"M","A2058_C08",2.58707016368315,601
"3/14/15","A2058","C08",85,1093,"PLX4720 (nM)",4e-06,"M","A2058_C08",3.26118767150716,959
"3/14/15","A2058","C08",96,1493,"PLX4720 (nM)",4e-06,"M","A2058_C08",3.7111084359698,1310
"3/14/15","A2058","C08",115,2254,"PLX4720 (nM)",4e-06,"M","A2058_C08",4.30538178600748,1977
"3/14/15","A2058","C09",0,93,"PLX4720 (nM)",8e-06,"M","A2058_C09",0,100
"3/14/15","A2058","C09",18,170,"PLX4720 (nM)",8e-06,"M","A2058_C09",0.870232125029671,183
"3/14/15","A2058","C09",43,309,"PLX4720 (nM)",8e-06,"M","A2058_C09",1.73230421679634,332
"3/14/15","A2058","C09",50,359,"PLX4720 (nM)",8e-06,"M","A2058_C09",1.94868122271502,386
"3/14/15","A2058","C09",61,485,"PLX4720 (nM)",8e-06,"M","A2058_C09",2.38268212596646,522
"3/14/15","A2058","C09",67,577,"PLX4720 (nM)",8e-06,"M","A2058_C09",2.63326869753745,620
"3/14/15","A2058","C09",85,911,"PLX4720 (nM)",8e-06,"M","A2058_C09",3.29214843269402,980
"3/14/15","A2058","C09",96,1256,"PLX4720 (nM)",8e-06,"M","A2058_C09",3.7554619377836,1351
"3/14/15","A2058","C09",115,1842,"PLX4720 (nM)",8e-06,"M","A2058_C09",4.30789853498331,1981
"3/14/15","A2058","C10",0,82,"PLX4720 (nM)",1.6e-05,"M","A2058_C10",0,100
"3/14/15","A2058","C10",18,122,"PLX4720 (nM)",1.6e-05,"M","A2058_C10",0.573185332944803,149
"3/14/15","A2058","C10",43,201,"PLX4720 (nM)",1.6e-05,"M","A2058_C10",1.29349968656085,245
"3/14/15","A2058","C10",50,248,"PLX4720 (nM)",1.6e-05,"M","A2058_C10",1.59664430576879,302
"3/14/15","A2058","C10",61,297,"PLX4720 (nM)",1.6e-05,"M","A2058_C10",1.85676711618268,362
"3/14/15","A2058","C10",67,323,"PLX4720 (nM)",1.6e-05,"M","A2058_C10",1.97783835007584,394
"3/14/15","A2058","C10",85,484,"PLX4720 (nM)",1.6e-05,"M","A2058_C10",2.56131123265651,590
"3/14/15","A2058","C10",96,663,"PLX4720 (nM)",1.6e-05,"M","A2058_C10",3.0153130554945,809
"3/14/15","A2058","C10",115,852,"PLX4720 (nM)",1.6e-05,"M","A2058_C10",3.37715761560775,1039
"3/14/15","A2058","C11",0,105,"PLX4720 (nM)",3.2e-05,"M","A2058_C11",0,100
"3/14/15","A2058","C11",18,145,"PLX4720 (nM)",3.2e-05,"M","A2058_C11",0.465663572348812,138
"3/14/15","A2058","C11",43,230,"PLX4720 (nM)",3.2e-05,"M","A2058_C11",1.13124453327825,219
"3/14/15","A2058","C11",50,231,"PLX4720 (nM)",3.2e-05,"M","A2058_C11",1.13750352374993,220
"3/14/15","A2058","C11",61,257,"PLX4720 (nM)",3.2e-05,"M","A2058_C11",1.29137903152776,245
"3/14/15","A2058","C11",67,313,"PLX4720 (nM)",3.2e-05,"M","A2058_C11",1.5757733292665,298
"3/14/15","A2058","C11",85,378,"PLX4720 (nM)",3.2e-05,"M","A2058_C11",1.84799690655495,360
"3/14/15","A2058","C11",96,471,"PLX4720 (nM)",3.2e-05,"M","A2058_C11",2.16533773194666,449
"3/14/15","A2058","C11",115,614,"PLX4720 (nM)",3.2e-05,"M","A2058_C11",2.54784932770406,585
"3/14/15","A2058","D02",0,106,"control",0,"M","A2058_D02",0,100
"3/14/15","A2058","D02",18,197,"control",0,"M","A2058_D02",0.894131364893178,186
"3/14/15","A2058","D02",43,436,"control",0,"M","A2058_D02",2.04026387021373,411
"3/14/15","A2058","D02",50,535,"control",0,"M","A2058_D02",2.33547462672531,505
"3/14/15","A2058","D02",61,833,"control",0,"M","A2058_D02",2.97425223080235,786
"3/14/15","A2058","D02",67,976,"control",0,"M","A2058_D02",3.20281688299969,921
"3/14/15","A2058","D02",85,1714,"control",0,"M","A2058_D02",4.0152309395493,1617
"3/14/15","A2058","D02",96,2564,"control",0,"M","A2058_D02",4.59626009205554,2419
"3/14/15","A2058","D02",115,4508,"control",0,"M","A2058_D02",5.41035134560902,4253
"3/14/15","A2058","E02",0,137,"control",0,"M","A2058_E02",0,100
"3/14/15","A2058","E02",18,226,"control",0,"M","A2058_E02",0.722146879454661,165
"3/14/15","A2058","E02",43,468,"control",0,"M","A2058_E02",1.77233263662288,342
"3/14/15","A2058","E02",50,569,"control",0,"M","A2058_E02",2.05425275934606,415
"3/14/15","A2058","E02",61,875,"control",0,"M","A2058_E02",2.67510712375916,639
"3/14/15","A2058","E02",67,1068,"control",0,"M","A2058_E02",2.96266384872703,780
"3/14/15","A2058","E02",85,1799,"control",0,"M","A2058_E02",3.71494738829096,1313
"3/14/15","A2058","E02",96,2594,"control",0,"M","A2058_E02",4.24293068129117,1893
"3/14/15","A2058","E02",115,4352,"control",0,"M","A2058_E02",4.98943075828981,3177
"3/14/15","A2058","F02",0,148,"control",0,"M","A2058_F02",0,100
"3/14/15","A2058","F02",18,217,"control",0,"M","A2058_F02",0.552097866815529,147
"3/14/15","A2058","F02",43,428,"control",0,"M","A2058_F02",1.5320136207722,289
"3/14/15","A2058","F02",50,510,"control",0,"M","A2058_F02",1.78490007122991,345
"3/14/15","A2058","F02",61,769,"control",0,"M","A2058_F02",2.37738642233288,520
"3/14/15","A2058","F02",67,945,"control",0,"M","A2058_F02",2.67471715347949,639
"3/14/15","A2058","F02",85,1563,"control",0,"M","A2058_F02",3.40064869737071,1056
"3/14/15","A2058","F02",96,2212,"control",0,"M","A2058_F02",3.90168230460576,1495
"3/14/15","A2058","F02",115,3864,"control",0,"M","A2058_F02",4.70642601320682,2611
"3/14/15","A2058","G02",0,69,"control",0,"M","A2058_G02",0,100
"3/14/15","A2058","G02",18,128,"control",0,"M","A2058_G02",0.891475543221831,186
"3/14/15","A2058","G02",43,264,"control",0,"M","A2058_G02",1.93586966258029,383
"3/14/15","A2058","G02",50,352,"control",0,"M","A2058_G02",2.35090716185913,510
"3/14/15","A2058","G02",61,455,"control",0,"M","A2058_G02",2.72119827830789,659
"3/14/15","A2058","G02",67,575,"control",0,"M","A2058_G02",3.05889368905357,833
"3/14/15","A2058","G02",85,991,"control",0,"M","A2058_G02",3.84421679040832,1436
"3/14/15","A2058","G02",96,1406,"control",0,"M","A2058_G02",4.34885642229437,2038
"3/14/15","A2058","G02",115,2538,"control",0,"M","A2058_G02",5.20095189706294,3678
"3/14/15","A375","B02",0,140,"control",0,"M","A375_B02",0,100
"3/14/15","A375","B02",16,288,"control",0,"M","A375_B02",1.04064198449735,206
"3/14/15","A375","B02",39,742,"control",0,"M","A375_B02",2.40599235967584,530
"3/14/15","A375","B02",47,906,"control",0,"M","A375_B02",2.69408422310127,647
"3/14/15","A375","B02",57,1359,"control",0,"M","A375_B02",3.27904672382242,971
"3/14/15","A375","B02",64,1598,"control",0,"M","A375_B02",3.51276867598301,1141
"3/14/15","A375","B02",83,2651,"control",0,"M","A375_B02",4.24303793792229,1894
"3/14/15","A375","B02",92,3596,"control",0,"M","A375_B02",4.68289428856948,2569
"3/14/15","A375","B02",112,5417,"control",0,"M","A375_B02",5.27399535852609,3869
"3/14/15","A375","B03",0,130,"PLX4720 (nM)",1.25e-07,"M","A375_B03",0,100
"3/14/15","A375","B03",16,252,"PLX4720 (nM)",1.25e-07,"M","A375_B03",0.954912110471462,194
"3/14/15","A375","B03",39,554,"PLX4720 (nM)",1.25e-07,"M","A375_B03",2.09137435302073,426
"3/14/15","A375","B03",47,722,"PLX4720 (nM)",1.25e-07,"M","A375_B03",2.47348721385872,555
"3/14/15","A375","B03",57,916,"PLX4720 (nM)",1.25e-07,"M","A375_B03",2.81683597506849,705
"3/14/15","A375","B03",64,1076,"PLX4720 (nM)",1.25e-07,"M","A375_B03",3.04909454952817,828
"3/14/15","A375","B03",83,1758,"PLX4720 (nM)",1.25e-07,"M","A375_B03",3.75735154211495,1352
"3/14/15","A375","B03",92,2225,"PLX4720 (nM)",1.25e-07,"M","A375_B03",4.09722180771267,1712
"3/14/15","A375","B03",112,3044,"PLX4720 (nM)",1.25e-07,"M","A375_B03",4.54938483047509,2342
"3/14/15","A375","B04",0,136,"PLX4720 (nM)",2.5e-07,"M","A375_B04",0,100
"3/14/15","A375","B04",16,253,"PLX4720 (nM)",2.5e-07,"M","A375_B04",0.895530733443971,186
"3/14/15","A375","B04",39,500,"PLX4720 (nM)",2.5e-07,"M","A375_B04",1.87832144341175,368
"3/14/15","A375","B04",47,551,"PLX4720 (nM)",2.5e-07,"M","A375_B04",2.01844566732082,405
"3/14/15","A375","B04",57,609,"PLX4720 (nM)",2.5e-07,"M","A375_B04",2.16283557665599,448
"3/14/15","A375","B04",64,745,"PLX4720 (nM)",2.5e-07,"M","A375_B04",2.45363377409918,548
"3/14/15","A375","B04",83,1187,"PLX4720 (nM)",2.5e-07,"M","A375_B04",3.12564137839157,873
"3/14/15","A375","B04",92,1629,"PLX4720 (nM)",2.5e-07,"M","A375_B04",3.58230804727518,1198
"3/14/15","A375","B04",112,1796,"PLX4720 (nM)",2.5e-07,"M","A375_B04",3.72310879349081,1321
"3/14/15","A375","B05",0,179,"PLX4720 (nM)",5e-07,"M","A375_B05",0,100
"3/14/15","A375","B05",16,341,"PLX4720 (nM)",5e-07,"M","A375_B05",0.929812151759917,191
"3/14/15","A375","B05",39,491,"PLX4720 (nM)",5e-07,"M","A375_B05",1.45576343705044,274
"3/14/15","A375","B05",47,464,"PLX4720 (nM)",5e-07,"M","A375_B05",1.37416521786332,259
"3/14/15","A375","B05",57,406,"PLX4720 (nM)",5e-07,"M","A375_B05",1.18152013992092,227
"3/14/15","A375","B05",64,509,"PLX4720 (nM)",5e-07,"M","A375_B05",1.50770606881144,284
"3/14/15","A375","B05",83,1018,"PLX4720 (nM)",5e-07,"M","A375_B05",2.50770606881144,569
"3/14/15","A375","B05",92,1266,"PLX4720 (nM)",5e-07,"M","A375_B05",2.82224591216409,707
"3/14/15","A375","B05",112,1619,"PLX4720 (nM)",5e-07,"M","A375_B05",3.17707149303831,904
"3/14/15","A375","B06",0,177,"PLX4720 (nM)",1e-06,"M","A375_B06",0,100
"3/14/15","A375","B06",16,318,"PLX4720 (nM)",1e-06,"M","A375_B06",0.845277405201357,180
"3/14/15","A375","B06",39,429,"PLX4720 (nM)",1e-06,"M","A375_B06",1.27722828741655,242
"3/14/15","A375","B06",47,399,"PLX4720 (nM)",1e-06,"M","A375_B06",1.17263938613935,225
"3/14/15","A375","B06",57,326,"PLX4720 (nM)",1e-06,"M","A375_B06",0.88112260414808,184
"3/14/15","A375","B06",64,498,"PLX4720 (nM)",1e-06,"M","A375_B06",1.49239638198508,281
"3/14/15","A375","B06",83,674,"PLX4720 (nM)",1e-06,"M","A375_B06",1.92899923109886,381
"3/14/15","A375","B06",92,871,"PLX4720 (nM)",1e-06,"M","A375_B06",2.29892335851587,492
"3/14/15","A375","B06",112,1265,"PLX4720 (nM)",1e-06,"M","A375_B06",2.83731611949867,715
"3/14/15","A375","B07",0,159,"PLX4720 (nM)",2e-06,"M","A375_B07",0,100
"3/14/15","A375","B07",16,324,"PLX4720 (nM)",2e-06,"M","A375_B07",1.02696704760027,204
"3/14/15","A375","B07",39,369,"PLX4720 (nM)",2e-06,"M","A375_B07",1.21459405077604,232
"3/14/15","A375","B07",47,360,"PLX4720 (nM)",2e-06,"M","A375_B07",1.17897014104532,226
"3/14/15","A375","B07",57,365,"PLX4720 (nM)",2e-06,"M","A375_B07",1.19886969848302,230
"3/14/15","A375","B07",64,411,"PLX4720 (nM)",2e-06,"M","A375_B07",1.37011162839733,258
"3/14/15","A375","B07",83,555,"PLX4720 (nM)",2e-06,"M","A375_B07",1.80346100595311,349
"3/14/15","A375","B07",92,678,"PLX4720 (nM)",2e-06,"M","A375_B07",2.09225850785199,426
"3/14/15","A375","B07",112,923,"PLX4720 (nM)",2e-06,"M","A375_B07",2.53730388236142,581
"3/14/15","A375","B08",0,133,"PLX4720 (nM)",4e-06,"M","A375_B08",0,100
"3/14/15","A375","B08",16,229,"PLX4720 (nM)",4e-06,"M","A375_B08",0.783921352595754,172
"3/14/15","A375","B08",39,291,"PLX4720 (nM)",4e-06,"M","A375_B08",1.12959290740709,219
"3/14/15","A375","B08",47,270,"PLX4720 (nM)",4e-06,"M","A375_B08",1.02153316154964,203
"3/14/15","A375","B08",57,285,"PLX4720 (nM)",4e-06,"M","A375_B08",1.09953567355091,214
"3/14/15","A375","B08",64,301,"PLX4720 (nM)",4e-06,"M","A375_B08",1.17833724125851,226
"3/14/15","A375","B08",83,331,"PLX4720 (nM)",4e-06,"M","A375_B08",1.31540497130603,249
"3/14/15","A375","B08",92,464,"PLX4720 (nM)",4e-06,"M","A375_B08",1.80269855962638,349
"3/14/15","A375","B08",112,648,"PLX4720 (nM)",4e-06,"M","A375_B08",2.28456756738343,487
"3/14/15","A375","B09",0,132,"PLX4720 (nM)",8e-06,"M","A375_B09",0,100
"3/14/15","A375","B09",16,222,"PLX4720 (nM)",8e-06,"M","A375_B09",0.750021746991653,168
"3/14/15","A375","B09",39,286,"PLX4720 (nM)",8e-06,"M","A375_B09",1.11547721741994,217
"3/14/15","A375","B09",47,275,"PLX4720 (nM)",8e-06,"M","A375_B09",1.05889368905357,208
"3/14/15","A375","B09",57,298,"PLX4720 (nM)",8e-06,"M","A375_B09",1.17477440110371,226
"3/14/15","A375","B09",64,283,"PLX4720 (nM)",8e-06,"M","A375_B09",1.10026412347343,214
"3/14/15","A375","B09",83,317,"PLX4720 (nM)",8e-06,"M","A375_B09",1.26394491078095,240
"3/14/15","A375","B09",92,354,"PLX4720 (nM)",8e-06,"M","A375_B09",1.42321143072454,268
"3/14/15","A375","B09",112,453,"PLX4720 (nM)",8e-06,"M","A375_B09",1.77897312068778,343
"3/14/15","A375","B10",0,133,"PLX4720 (nM)",1.6e-05,"M","A375_B10",0,100
"3/14/15","A375","B10",16,222,"PLX4720 (nM)",1.6e-05,"M","A375_B10",0.739133430848916,167
"3/14/15","A375","B10",39,218,"PLX4720 (nM)",1.6e-05,"M","A375_B10",0.712901889275736,164
"3/14/15","A375","B10",47,233,"PLX4720 (nM)",1.6e-05,"M","A375_B10",0.808903709153091,175
"3/14/15","A375","B10",57,233,"PLX4720 (nM)",1.6e-05,"M","A375_B10",0.808903709153091,175
"3/14/15","A375","B10",64,238,"PLX4720 (nM)",1.6e-05,"M","A375_B10",0.839535327806754,179
"3/14/15","A375","B10",83,228,"PLX4720 (nM)",1.6e-05,"M","A375_B10",0.777607578663551,171
"3/14/15","A375","B10",92,245,"PLX4720 (nM)",1.6e-05,"M","A375_B10",0.881355503501381,184
"3/14/15","A375","B10",112,270,"PLX4720 (nM)",1.6e-05,"M","A375_B10",1.02153316154964,203
"3/14/15","A375","B11",0,153,"PLX4720 (nM)",3.2e-05,"M","A375_B11",0,100
"3/14/15","A375","B11",16,217,"PLX4720 (nM)",3.2e-05,"M","A375_B11",0.504163389751827,142
"3/14/15","A375","B11",39,239,"PLX4720 (nM)",3.2e-05,"M","A375_B11",0.643478965288097,156
"3/14/15","A375","B11",47,243,"PLX4720 (nM)",3.2e-05,"M","A375_B11",0.667424660913129,159
"3/14/15","A375","B11",57,246,"PLX4720 (nM)",3.2e-05,"M","A375_B11",0.685126662646588,161
"3/14/15","A375","B11",64,234,"PLX4720 (nM)",3.2e-05,"M","A375_B11",0.612976876890753,153
"3/14/15","A375","B11",83,232,"PLX4720 (nM)",3.2e-05,"M","A375_B11",0.60059315243492,152
"3/14/15","A375","B11",92,232,"PLX4720 (nM)",3.2e-05,"M","A375_B11",0.60059315243492,152
"3/14/15","A375","B11",112,246,"PLX4720 (nM)",3.2e-05,"M","A375_B11",0.685126662646588,161
"3/14/15","A375","C02",0,161,"control",0,"M","A375_C02",0,100
"3/14/15","A375","C02",16,302,"control",0,"M","A375_C02",0.907487861210462,188
"3/14/15","A375","C02",39,762,"control",0,"M","A375_C02",2.2427303093787,473
"3/14/15","A375","C02",47,992,"control",0,"M","A375_C02",2.62327943227226,616
"3/14/15","A375","C02",57,1311,"control",0,"M","A375_C02",3.02553509210714,814
"3/14/15","A375","C02",64,1674,"control",0,"M","A375_C02",3.37816693443573,1040
"3/14/15","A375","C02",83,2639,"control",0,"M","A375_C02",4.03485875721165,1639
"3/14/15","A375","C02",92,3398,"control",0,"M","A375_C02",4.3995532590696,2111
"3/14/15","A375","C02",112,4938,"control",0,"M","A375_C02",4.93879424302817,3067
"3/14/15","A375","C03",0,179,"PLX4720 (nM)",1.25e-07,"M","A375_C03",0,100
"3/14/15","A375","C03",16,342,"PLX4720 (nM)",1.25e-07,"M","A375_C03",0.934036737621641,191
"3/14/15","A375","C03",39,787,"PLX4720 (nM)",1.25e-07,"M","A375_C03",2.13640404824323,440
"3/14/15","A375","C03",47,936,"PLX4720 (nM)",1.25e-07,"M","A375_C03",2.38654894231915,523
"3/14/15","A375","C03",57,1066,"PLX4720 (nM)",1.25e-07,"M","A375_C03",2.57417594549492,596
"3/14/15","A375","C03",64,1408,"PLX4720 (nM)",1.25e-07,"M","A375_C03",2.97561584137304,787
"3/14/15","A375","C03",83,2358,"PLX4720 (nM)",1.25e-07,"M","A375_C03",3.71953222571551,1317
"3/14/15","A375","C03",92,2765,"PLX4720 (nM)",1.25e-07,"M","A375_C03",3.94924798785781,1545
"3/14/15","A375","C03",112,3781,"PLX4720 (nM)",1.25e-07,"M","A375_C03",4.40073635672298,2112
"3/14/15","A375","C04",0,178,"PLX4720 (nM)",2.5e-07,"M","A375_C04",0,100
"3/14/15","A375","C04",16,374,"PLX4720 (nM)",2.5e-07,"M","A375_C04",1.07116102892124,210
"3/14/15","A375","C04",39,674,"PLX4720 (nM)",2.5e-07,"M","A375_C04",1.92087135021546,379
"3/14/15","A375","C04",47,750,"PLX4720 (nM)",2.5e-07,"M","A375_C04",2.07501335441685,421
"3/14/15","A375","C04",57,748,"PLX4720 (nM)",2.5e-07,"M","A375_C04",2.07116102892124,420
"3/14/15","A375","C04",64,848,"PLX4720 (nM)",2.5e-07,"M","A375_C04",2.2521870235968,476
"3/14/15","A375","C04",83,1554,"PLX4720 (nM)",2.5e-07,"M","A375_C04",3.12603735744131,873
"3/14/15","A375","C04",92,1830,"PLX4720 (nM)",2.5e-07,"M","A375_C04",3.36189450220501,1028
"3/14/15","A375","C04",112,2086,"PLX4720 (nM)",2.5e-07,"M","A375_C04",3.55079001155337,1172
"3/14/15","A375","C05",0,163,"PLX4720 (nM)",5e-07,"M","A375_C05",0,100
"3/14/15","A375","C05",16,293,"PLX4720 (nM)",5e-07,"M","A375_C05",0.846028700191171,180
"3/14/15","A375","C05",39,501,"PLX4720 (nM)",5e-07,"M","A375_C05",1.61993863896413,307
"3/14/15","A375","C05",47,447,"PLX4720 (nM)",5e-07,"M","A375_C05",1.45540286695224,274
"3/14/15","A375","C05",57,489,"PLX4720 (nM)",5e-07,"M","A375_C05",1.58496250072116,300
"3/14/15","A375","C05",64,596,"PLX4720 (nM)",5e-07,"M","A375_C05",1.87044036623108,366
"3/14/15","A375","C05",83,943,"PLX4720 (nM)",5e-07,"M","A375_C05",2.53238580644402,579
"3/14/15","A375","C05",92,1199,"PLX4720 (nM)",5e-07,"M","A375_C05",2.87888778918315,736
"3/14/15","A375","C05",112,1366,"PLX4720 (nM)",5e-07,"M","A375_C05",3.06701361405901,838
"3/14/15","A375","C06",0,182,"PLX4720 (nM)",1e-06,"M","A375_C06",0,100
"3/14/15","A375","C06",16,363,"PLX4720 (nM)",1e-06,"M","A375_C06",0.996031097797054,199
"3/14/15","A375","C06",39,488,"PLX4720 (nM)",1e-06,"M","A375_C06",1.42294269736419,268
"3/14/15","A375","C06",47,403,"PLX4720 (nM)",1e-06,"M","A375_C06",1.14684138832927,221
"3/14/15","A375","C06",57,439,"PLX4720 (nM)",1e-06,"M","A375_C06",1.27028248933666,241
"3/14/15","A375","C06",64,453,"PLX4720 (nM)",1e-06,"M","A375_C06",1.31557259984754,249
"3/14/15","A375","C06",83,747,"PLX4720 (nM)",1e-06,"M","A375_C06",2.03716979259054,410
"3/14/15","A375","C06",92,861,"PLX4720 (nM)",1e-06,"M","A375_C06",2.24207478719815,473
"3/14/15","A375","C06",112,1225,"PLX4720 (nM)",1e-06,"M","A375_C06",2.75077139369124,673
"3/14/15","A375","C07",0,150,"PLX4720 (nM)",2e-06,"M","A375_C07",0,100
"3/14/15","A375","C07",16,255,"PLX4720 (nM)",2e-06,"M","A375_C07",0.765534746362977,170
"3/14/15","A375","C07",39,327,"PLX4720 (nM)",2e-06,"M","A375_C07",1.1243281350022,218
"3/14/15","A375","C07",47,330,"PLX4720 (nM)",2e-06,"M","A375_C07",1.13750352374994,220
"3/14/15","A375","C07",57,268,"PLX4720 (nM)",2e-06,"M","A375_C07",0.837270499961892,179
"3/14/15","A375","C07",64,318,"PLX4720 (nM)",2e-06,"M","A375_C07",1.08406426478847,212
"3/14/15","A375","C07",83,462,"PLX4720 (nM)",2e-06,"M","A375_C07",1.62293035092018,308
"3/14/15","A375","C07",92,540,"PLX4720 (nM)",2e-06,"M","A375_C07",1.84799690655495,360
"3/14/15","A375","C07",112,763,"PLX4720 (nM)",2e-06,"M","A375_C07",2.34672055633865,509
"3/14/15","A375","C08",0,156,"PLX4720 (nM)",4e-06,"M","A375_C08",0,100
"3/14/15","A375","C08",16,268,"PLX4720 (nM)",4e-06,"M","A375_C08",0.780686971595523,172
"3/14/15","A375","C08",39,361,"PLX4720 (nM)",4e-06,"M","A375_C08",1.21045280802492,231
"3/14/15","A375","C08",47,360,"PLX4720 (nM)",4e-06,"M","A375_C08",1.20645087746743,231
"3/14/15","A375","C08",57,339,"PLX4720 (nM)",4e-06,"M","A375_C08",1.1197392442741,217
"3/14/15","A375","C08",64,354,"PLX4720 (nM)",4e-06,"M","A375_C08",1.18220333122075,227
"3/14/15","A375","C08",83,445,"PLX4720 (nM)",4e-06,"M","A375_C08",1.51225930699151,285
"3/14/15","A375","C08",92,524,"PLX4720 (nM)",4e-06,"M","A375_C08",1.7480207826752,336
"3/14/15","A375","C08",112,719,"PLX4720 (nM)",4e-06,"M","A375_C08",2.20444574157705,461
"3/14/15","A375","C09",0,155,"PLX4720 (nM)",8e-06,"M","A375_C09",0,100
"3/14/15","A375","C09",16,242,"PLX4720 (nM)",8e-06,"M","A375_C09",0.642738832000357,156
"3/14/15","A375","C09",39,315,"PLX4720 (nM)",8e-06,"M","A375_C09",1.02308361311304,203
"3/14/15","A375","C09",47,302,"PLX4720 (nM)",8e-06,"M","A375_C09",0.962280334050841,195
"3/14/15","A375","C09",57,314,"PLX4720 (nM)",8e-06,"M","A375_C09",1.01849634361739,203
"3/14/15","A375","C09",64,334,"PLX4720 (nM)",8e-06,"M","A375_C09",1.10757988719981,215
"3/14/15","A375","C09",83,394,"PLX4720 (nM)",8e-06,"M","A375_C09",1.34592741418214,254
"3/14/15","A375","C09",92,437,"PLX4720 (nM)",8e-06,"M","A375_C09",1.49536506422636,282
"3/14/15","A375","C09",112,532,"PLX4720 (nM)",8e-06,"M","A375_C09",1.77915803022695,343
"3/14/15","A375","C10",0,204,"PLX4720 (nM)",1.6e-05,"M","A375_C10",0,100
"3/14/15","A375","C10",16,322,"PLX4720 (nM)",1.6e-05,"M","A375_C10",0.658491536143123,158
"3/14/15","A375","C10",39,372,"PLX4720 (nM)",1.6e-05,"M","A375_C10",0.866733469136536,182
"3/14/15","A375","C10",47,373,"PLX4720 (nM)",1.6e-05,"M","A375_C10",0.870606478283742,183
"3/14/15","A375","C10",57,381,"PLX4720 (nM)",1.6e-05,"M","A375_C10",0.901221845521826,187
"3/14/15","A375","C10",64,380,"PLX4720 (nM)",1.6e-05,"M","A375_C10",0.897430266359454,186
"3/14/15","A375","C10",83,368,"PLX4720 (nM)",1.6e-05,"M","A375_C10",0.851136614085517,180
"3/14/15","A375","C10",92,383,"PLX4720 (nM)",1.6e-05,"M","A375_C10",0.908775239953462,188
"3/14/15","A375","C10",112,449,"PLX4720 (nM)",1.6e-05,"M","A375_C10",1.13814629276965,220
"3/14/15","A375","C11",0,186,"PLX4720 (nM)",3.2e-05,"M","A375_C11",0,100
"3/14/15","A375","C11",16,260,"PLX4720 (nM)",3.2e-05,"M","A375_C11",0.483209001920423,140
"3/14/15","A375","C11",39,300,"PLX4720 (nM)",3.2e-05,"M","A375_C11",0.68965987938785,161
"3/14/15","A375","C11",47,302,"PLX4720 (nM)",3.2e-05,"M","A375_C11",0.699245928217048,162
"3/14/15","A375","C11",57,291,"PLX4720 (nM)",3.2e-05,"M","A375_C11",0.645716531800252,156
"3/14/15","A375","C11",64,297,"PLX4720 (nM)",3.2e-05,"M","A375_C11",0.675160309692735,160
"3/14/15","A375","C11",83,266,"PLX4720 (nM)",3.2e-05,"M","A375_C11",0.516123624393158,143
"3/14/15","A375","C11",92,270,"PLX4720 (nM)",3.2e-05,"M","A375_C11",0.537656785942801,145
"3/14/15","A375","C11",112,300,"PLX4720 (nM)",3.2e-05,"M","A375_C11",0.68965987938785,161
"3/14/15","A375","D02",0,147,"control",0,"M","A375_D02",0,100
"3/14/15","A375","D02",16,318,"control",0,"M","A375_D02",1.11321061044799,216
"3/14/15","A375","D02",39,872,"control",0,"M","A375_D02",2.56851197994056,593
"3/14/15","A375","D02",47,1088,"control",0,"M","A375_D02",2.88779049641397,740
"3/14/15","A375","D02",57,1675,"control",0,"M","A375_D02",3.51027303539613,1139
"3/14/15","A375","D02",64,2109,"control",0,"M","A375_D02",3.84267103495733,1435
"3/14/15","A375","D02",83,3754,"control",0,"M","A375_D02",4.67454058999451,2554
"3/14/15","A375","D02",92,4939,"control",0,"M","A375_D02",5.07033090854208,3360
"3/14/15","A375","D02",112,6843,"control",0,"M","A375_D02",5.54074088719693,4655
"3/14/15","A375","E02",0,185,"control",0,"M","A375_E02",0,100
"3/14/15","A375","E02",16,377,"control",0,"M","A375_E02",1.02703925275235,204
"3/14/15","A375","E02",39,1046,"control",0,"M","A375_E02",2.49928567573063,565
"3/14/15","A375","E02",47,1353,"control",0,"M","A375_E02",2.87056466346022,731
"3/14/15","A375","E02",57,1844,"control",0,"M","A375_E02",3.31724147991303,997
"3/14/15","A375","E02",64,2435,"control",0,"M","A375_E02",3.71832459645339,1316
"3/14/15","A375","E02",83,4265,"control",0,"M","A375_E02",4.52694856568934,2305
"3/14/15","A375","E02",92,5496,"control",0,"M","A375_E02",4.89278482830179,2971
"3/14/15","A375","E02",112,7132,"control",0,"M","A375_E02",5.26870952710868,3855
"3/14/15","A375","F02",0,152,"control",0,"M","A375_F02",0,100
"3/14/15","A375","F02",16,307,"control",0,"M","A375_F02",1.01416733192659,202
"3/14/15","A375","F02",39,776,"control",0,"M","A375_F02",2.35198532874354,511
"3/14/15","A375","F02",47,1028,"control",0,"M","A375_F02",2.75769703575029,676
"3/14/15","A375","F02",57,1493,"control",0,"M","A375_F02",3.29607093669096,982
"3/14/15","A375","F02",64,1887,"control",0,"M","A375_F02",3.63395119415686,1241
"3/14/15","A375","F02",83,3380,"control",0,"M","A375_F02",4.47488001772596,2224
"3/14/15","A375","F02",92,4169,"control",0,"M","A375_F02",4.7775581433648,2743
"3/14/15","A375","F02",112,6101,"control",0,"M","A375_F02",5.32690250189405,4014
"3/14/15","A375","G02",0,171,"control",0,"M","A375_G02",0,100
"3/14/15","A375","G02",16,321,"control",0,"M","A375_G02",0.908576972236404,188
"3/14/15","A375","G02",39,872,"control",0,"M","A375_G02",2.35033180989103,510
"3/14/15","A375","G02",47,1099,"control",0,"M","A375_G02",2.68412315606333,643
"3/14/15","A375","G02",57,1553,"control",0,"M","A375_G02",3.1829895995014,908
"3/14/15","A375","G02",64,1867,"control",0,"M","A375_G02",3.4486536973403,1092
"3/14/15","A375","G02",83,3233,"control",0,"M","A375_G02",4.24080527724019,1891
"3/14/15","A375","G02",92,4362,"control",0,"M","A375_G02",4.67292153975485,2551
"3/14/15","A375","G02",112,6311,"control",0,"M","A375_G02",5.20580039316703,3691
"3/14/15","SKMEL5","B02",0,72,"control",0,"M","SKMel5_B02",0,100
"3/14/15","SKMEL5","B02",15,80,"control",0,"M","SKMel5_B02",0.15200309344505,111
"3/14/15","SKMEL5","B02",39,128,"control",0,"M","SKMel5_B02",0.830074998557688,178
"3/14/15","SKMEL5","B02",46,143,"control",0,"M","SKMel5_B02",0.989946335336077,199
"3/14/15","SKMEL5","B02",57,178,"control",0,"M","SKMel5_B02",1.30580842952409,247
"3/14/15","SKMEL5","B02",64,195,"control",0,"M","SKMel5_B02",1.4374053123073,271
"3/14/15","SKMEL5","B02",81,304,"control",0,"M","SKMel5_B02",2.07800251200127,422
"3/14/15","SKMEL5","B02",93,380,"control",0,"M","SKMel5_B02",2.39993060688864,528
"3/14/15","SKMEL5","B02",111,551,"control",0,"M","SKMel5_B02",2.93598350712885,765
"3/14/15","SKMEL5","B03",0,81,"PLX4720 (nM)",1.25e-07,"M","SKMel5_B03",0,100
"3/14/15","SKMEL5","B03",15,104,"PLX4720 (nM)",1.25e-07,"M","SKMel5_B03",0.360589715256467,128
"3/14/15","SKMEL5","B03",39,179,"PLX4720 (nM)",1.25e-07,"M","SKMel5_B03",1.14396577437963,221
"3/14/15","SKMEL5","B03",46,207,"PLX4720 (nM)",1.25e-07,"M","SKMel5_B03",1.3536369546147,256
"3/14/15","SKMEL5","B03",57,254,"PLX4720 (nM)",1.25e-07,"M","SKMel5_B03",1.64883468388754,314
"3/14/15","SKMEL5","B03",64,280,"PLX4720 (nM)",1.25e-07,"M","SKMel5_B03",1.78943301406034,346
"3/14/15","SKMEL5","B03",81,410,"PLX4720 (nM)",1.25e-07,"M","SKMel5_B03",2.33963009662082,506
"3/14/15","SKMEL5","B03",93,543,"PLX4720 (nM)",1.25e-07,"M","SKMel5_B03",2.74495838491974,670
"3/14/15","SKMEL5","B03",111,816,"PLX4720 (nM)",1.25e-07,"M","SKMel5_B03",3.33257533908687,1007
"3/14/15","SKMEL5","B04",0,108,"PLX4720 (nM)",2.5e-07,"M","SKMel5_B04",0,100
"3/14/15","SKMEL5","B04",15,148,"PLX4720 (nM)",2.5e-07,"M","SKMel5_B04",0.454565863465482,137
"3/14/15","SKMEL5","B04",39,249,"PLX4720 (nM)",2.5e-07,"M","SKMel5_B04",1.20511442990461,231
"3/14/15","SKMEL5","B04",46,292,"PLX4720 (nM)",2.5e-07,"M","SKMel5_B04",1.43493705671655,270
"3/14/15","SKMEL5","B04",57,379,"PLX4720 (nM)",2.5e-07,"M","SKMel5_B04",1.81116653600762,351
"3/14/15","SKMEL5","B04",64,419,"PLX4720 (nM)",2.5e-07,"M","SKMel5_B04",1.95591893153588,388
"3/14/15","SKMEL5","B04",81,643,"PLX4720 (nM)",2.5e-07,"M","SKMel5_B04",2.57378742516448,595
"3/14/15","SKMEL5","B04",93,847,"PLX4720 (nM)",2.5e-07,"M","SKMel5_B04",2.97133065716873,784
"3/14/15","SKMEL5","B04",111,1245,"PLX4720 (nM)",2.5e-07,"M","SKMel5_B04",3.52704252479197,1153
"3/14/15","SKMEL5","B05",0,87,"PLX4720 (nM)",5e-07,"M","SKMel5_B05",0,100
"3/14/15","SKMEL5","B05",15,104,"PLX4720 (nM)",5e-07,"M","SKMel5_B05",0.257496222292364,120
"3/14/15","SKMEL5","B05",39,152,"PLX4720 (nM)",5e-07,"M","SKMel5_B05",0.804984017594857,175
"3/14/15","SKMEL5","B05",46,168,"PLX4720 (nM)",5e-07,"M","SKMel5_B05",0.949373926930033,193
"3/14/15","SKMEL5","B05",57,224,"PLX4720 (nM)",5e-07,"M","SKMel5_B05",1.36441142620888,257
"3/14/15","SKMEL5","B05",64,245,"PLX4720 (nM)",5e-07,"M","SKMel5_B05",1.49369444315384,282
"3/14/15","SKMEL5","B05",81,357,"PLX4720 (nM)",5e-07,"M","SKMel5_B05",2.03683676818037,410
"3/14/15","SKMEL5","B05",93,409,"PLX4720 (nM)",5e-07,"M","SKMel5_B05",2.23301353709302,470
"3/14/15","SKMEL5","B05",111,562,"PLX4720 (nM)",5e-07,"M","SKMel5_B05",2.6914828243722,646
"3/14/15","SKMEL5","B06",0,80,"PLX4720 (nM)",1e-06,"M","SKMel5_B06",0,100
"3/14/15","SKMEL5","B06",15,107,"PLX4720 (nM)",1e-06,"M","SKMel5_B06",0.419538891513785,134
"3/14/15","SKMEL5","B06",39,176,"PLX4720 (nM)",1e-06,"M","SKMel5_B06",1.13750352374993,220
"3/14/15","SKMEL5","B06",46,204,"PLX4720 (nM)",1e-06,"M","SKMel5_B06",1.35049724708413,255
"3/14/15","SKMEL5","B06",57,252,"PLX4720 (nM)",1e-06,"M","SKMel5_B06",1.65535182861255,315
"3/14/15","SKMEL5","B06",64,299,"PLX4720 (nM)",1e-06,"M","SKMel5_B06",1.90207357931074,374
"3/14/15","SKMEL5","B06",81,409,"PLX4720 (nM)",1e-06,"M","SKMel5_B06",2.35402893805439,511
"3/14/15","SKMEL5","B06",93,516,"PLX4720 (nM)",1e-06,"M","SKMel5_B06",2.68929916053589,645
"3/14/15","SKMEL5","B06",111,673,"PLX4720 (nM)",1e-06,"M","SKMel5_B06",3.07253459972295,841
"3/14/15","SKMEL5","B07",0,81,"PLX4720 (nM)",2e-06,"M","SKMel5_B07",0,100
"3/14/15","SKMEL5","B07",15,102,"PLX4720 (nM)",2e-06,"M","SKMel5_B07",0.332575339086871,126
"3/14/15","SKMEL5","B07",39,143,"PLX4720 (nM)",2e-06,"M","SKMel5_B07",0.820021333893765,177
"3/14/15","SKMEL5","B07",46,172,"PLX4720 (nM)",2e-06,"M","SKMel5_B07",1.08641475181747,212
"3/14/15","SKMEL5","B07",57,193,"PLX4720 (nM)",2e-06,"M","SKMel5_B07",1.25260703438346,238
"3/14/15","SKMEL5","B07",64,215,"PLX4720 (nM)",2e-06,"M","SKMel5_B07",1.40834284670484,265
"3/14/15","SKMEL5","B07",81,322,"PLX4720 (nM)",2e-06,"M","SKMel5_B07",1.99106687522999,398
"3/14/15","SKMEL5","B07",93,354,"PLX4720 (nM)",2e-06,"M","SKMel5_B07",2.12775554719837,437
"3/14/15","SKMEL5","B07",111,464,"PLX4720 (nM)",2e-06,"M","SKMel5_B07",2.51813099224295,573
"3/14/15","SKMEL5","B08",0,67,"PLX4720 (nM)",4e-06,"M","SKMel5_B08",0,100
"3/14/15","SKMEL5","B08",15,79,"PLX4720 (nM)",4e-06,"M","SKMel5_B08",0.237691557719331,118
"3/14/15","SKMEL5","B08",39,99,"PLX4720 (nM)",4e-06,"M","SKMel5_B08",0.563267429621837,148
"3/14/15","SKMEL5","B08",46,98,"PLX4720 (nM)",4e-06,"M","SKMel5_B08",0.548620653657436,146
"3/14/15","SKMEL5","B08",57,112,"PLX4720 (nM)",4e-06,"M","SKMel5_B08",0.741265731599832,167
"3/14/15","SKMEL5","B08",64,121,"PLX4720 (nM)",4e-06,"M","SKMel5_B08",0.852774046816823,181
"3/14/15","SKMEL5","B08",81,181,"PLX4720 (nM)",4e-06,"M","SKMel5_B08",1.43375669662543,270
"3/14/15","SKMEL5","B08",93,197,"PLX4720 (nM)",4e-06,"M","SKMel5_B08",1.5559626289986,294
"3/14/15","SKMEL5","B08",111,269,"PLX4720 (nM)",4e-06,"M","SKMel5_B08",2.00537317209885,401
"3/14/15","SKMEL5","B09",0,93,"PLX4720 (nM)",8e-06,"M","SKMel5_B09",0,100
"3/14/15","SKMEL5","B09",15,126,"PLX4720 (nM)",8e-06,"M","SKMel5_B09",0.438121112391886,135
"3/14/15","SKMEL5","B09",39,123,"PLX4720 (nM)",8e-06,"M","SKMel5_B09",0.403355694231209,132
"3/14/15","SKMEL5","B09",46,131,"PLX4720 (nM)",8e-06,"M","SKMel5_B09",0.494264190429419,141
"3/14/15","SKMEL5","B09",57,175,"PLX4720 (nM)",8e-06,"M","SKMel5_B09",0.912052300724298,188
"3/14/15","SKMEL5","B09",64,176,"PLX4720 (nM)",8e-06,"M","SKMel5_B09",0.920272807529266,189
"3/14/15","SKMEL5","B09",81,235,"PLX4720 (nM)",8e-06,"M","SKMel5_B09",1.33735813545697,253
"3/14/15","SKMEL5","B09",93,264,"PLX4720 (nM)",8e-06,"M","SKMel5_B09",1.50523530825042,284
"3/14/15","SKMEL5","B09",111,350,"PLX4720 (nM)",8e-06,"M","SKMel5_B09",1.9120523007243,376
"3/14/15","SKMEL5","B10",0,103,"PLX4720 (nM)",1.6e-05,"M","SKMel5_B10",0,100
"3/14/15","SKMEL5","B10",15,124,"PLX4720 (nM)",1.6e-05,"M","SKMel5_B10",0.267695783203656,120
"3/14/15","SKMEL5","B10",39,92,"PLX4720 (nM)",1.6e-05,"M","SKMel5_B10",-0.162938571126205,89
"3/14/15","SKMEL5","B10",46,94,"PLX4720 (nM)",1.6e-05,"M","SKMel5_B10",-0.131911675505581,91
"3/14/15","SKMEL5","B10",57,116,"PLX4720 (nM)",1.6e-05,"M","SKMel5_B10",0.171480467944353,113
"3/14/15","SKMEL5","B10",64,117,"PLX4720 (nM)",1.6e-05,"M","SKMel5_B10",0.183864192400186,114
"3/14/15","SKMEL5","B10",81,139,"PLX4720 (nM)",1.6e-05,"M","SKMel5_B10",0.432440545540289,135
"3/14/15","SKMEL5","B10",93,160,"PLX4720 (nM)",1.6e-05,"M","SKMel5_B10",0.635427567704144,155
"3/14/15","SKMEL5","B10",111,166,"PLX4720 (nM)",1.6e-05,"M","SKMel5_B10",0.688538904163706,161
"3/14/15","SKMEL5","B11",0,76,"PLX4720 (nM)",3.2e-05,"M","SKMel5_B11",0,100
"3/14/15","SKMEL5","B11",15,95,"PLX4720 (nM)",3.2e-05,"M","SKMel5_B11",0.321928094887363,125
"3/14/15","SKMEL5","B11",39,79,"PLX4720 (nM)",3.2e-05,"M","SKMel5_B11",0.0558532347335179,104
"3/14/15","SKMEL5","B11",46,75,"PLX4720 (nM)",3.2e-05,"M","SKMel5_B11",-0.0191088229477048,99
"3/14/15","SKMEL5","B11",57,78,"PLX4720 (nM)",3.2e-05,"M","SKMel5_B11",0.0374747054186635,103
"3/14/15","SKMEL5","B11",64,79,"PLX4720 (nM)",3.2e-05,"M","SKMel5_B11",0.0558532347335179,104
"3/14/15","SKMEL5","B11",81,78,"PLX4720 (nM)",3.2e-05,"M","SKMel5_B11",0.0374747054186635,103
"3/14/15","SKMEL5","B11",93,80,"PLX4720 (nM)",3.2e-05,"M","SKMel5_B11",0.0740005814437774,105
"3/14/15","SKMEL5","B11",111,93,"PLX4720 (nM)",3.2e-05,"M","SKMel5_B11",0.291231297664446,122
"3/14/15","SKMEL5","C02",0,109,"control",0,"M","SKMel5_C02",0,100
"3/14/15","SKMEL5","C02",15,137,"control",0,"M","SKMel5_C02",0.3298477581836,126
"3/14/15","SKMEL5","C02",39,213,"control",0,"M","SKMel5_C02",0.966525295448912,195
"3/14/15","SKMEL5","C02",46,276,"control",0,"M","SKMel5_C02",1.34034013200124,253
"3/14/15","SKMEL5","C02",57,333,"control",0,"M","SKMel5_C02",1.61119404229434,306
"3/14/15","SKMEL5","C02",64,385,"control",0,"M","SKMel5_C02",1.82053031080534,353
"3/14/15","SKMEL5","C02",81,579,"control",0,"M","SKMel5_C02",2.40923521321231,531
"3/14/15","SKMEL5","C02",93,750,"control",0,"M","SKMel5_C02",2.78256246060632,688
"3/14/15","SKMEL5","C02",111,1137,"control",0,"M","SKMel5_C02",3.38283221411532,1043
"3/14/15","SKMEL5","C03",0,128,"PLX4720 (nM)",1.25e-07,"M","SKMel5_C03",0,100
"3/14/15","SKMEL5","C03",15,177,"PLX4720 (nM)",1.25e-07,"M","SKMel5_C03",0.467605550082998,138
"3/14/15","SKMEL5","C03",39,278,"PLX4720 (nM)",1.25e-07,"M","SKMel5_C03",1.11894107272351,217
"3/14/15","SKMEL5","C03",46,340,"PLX4720 (nM)",1.25e-07,"M","SKMel5_C03",1.4093909361377,266
"3/14/15","SKMEL5","C03",57,431,"PLX4720 (nM)",1.25e-07,"M","SKMel5_C03",1.7515440590891,337
"3/14/15","SKMEL5","C03",64,504,"PLX4720 (nM)",1.25e-07,"M","SKMel5_C03",1.97727992349992,394
"3/14/15","SKMEL5","C03",81,762,"PLX4720 (nM)",1.25e-07,"M","SKMel5_C03",2.57364718749332,595
"3/14/15","SKMEL5","C03",93,1043,"PLX4720 (nM)",1.25e-07,"M","SKMel5_C03",3.02652344251977,815
"3/14/15","SKMEL5","C03",111,1608,"PLX4720 (nM)",1.25e-07,"M","SKMel5_C03",3.65105169117893,1256
"3/14/15","SKMEL5","C04",0,102,"PLX4720 (nM)",2.5e-07,"M","SKMel5_C04",0,100
"3/14/15","SKMEL5","C04",15,131,"PLX4720 (nM)",2.5e-07,"M","SKMel5_C04",0.360997659565955,128
"3/14/15","SKMEL5","C04",39,208,"PLX4720 (nM)",2.5e-07,"M","SKMel5_C04",1.0280143761696,204
"3/14/15","SKMEL5","C04",46,253,"PLX4720 (nM)",2.5e-07,"M","SKMel5_C04",1.31056823272282,248
"3/14/15","SKMEL5","C04",57,330,"PLX4720 (nM)",2.5e-07,"M","SKMel5_C04",1.69389687227432,324
"3/14/15","SKMEL5","C04",64,379,"PLX4720 (nM)",2.5e-07,"M","SKMel5_C04",1.8936286961996,372
"3/14/15","SKMEL5","C04",81,560,"PLX4720 (nM)",2.5e-07,"M","SKMel5_C04",2.45685767497347,549
"3/14/15","SKMEL5","C04",93,750,"PLX4720 (nM)",2.5e-07,"M","SKMel5_C04",2.87832144341175,735
"3/14/15","SKMEL5","C04",111,1120,"PLX4720 (nM)",2.5e-07,"M","SKMel5_C04",3.45685767497347,1098
"3/14/15","SKMEL5","C05",0,82,"PLX4720 (nM)",5e-07,"M","SKMel5_C05",0,100
"3/14/15","SKMEL5","C05",15,106,"PLX4720 (nM)",5e-07,"M","SKMel5_C05",0.370368449945115,129
"3/14/15","SKMEL5","C05",39,165,"PLX4720 (nM)",5e-07,"M","SKMel5_C05",1.00877020962773,201
"3/14/15","SKMEL5","C05",46,184,"PLX4720 (nM)",5e-07,"M","SKMel5_C05",1.16600995143893,224
"3/14/15","SKMEL5","C05",57,234,"PLX4720 (nM)",5e-07,"M","SKMel5_C05",1.51281271496532,285
"3/14/15","SKMEL5","C05",64,249,"PLX4720 (nM)",5e-07,"M","SKMel5_C05",1.60244992745,304
"3/14/15","SKMEL5","C05",81,367,"PLX4720 (nM)",5e-07,"M","SKMel5_C05",2.16208424822513,448
"3/14/15","SKMEL5","C05",93,422,"PLX4720 (nM)",5e-07,"M","SKMel5_C05",2.3635471840891,515
"3/14/15","SKMEL5","C05",111,618,"PLX4720 (nM)",5e-07,"M","SKMel5_C05",2.91391102328629,754
"3/14/15","SKMEL5","C06",0,113,"PLX4720 (nM)",1e-06,"M","SKMel5_C06",0,100
"3/14/15","SKMEL5","C06",15,156,"PLX4720 (nM)",1e-06,"M","SKMel5_C06",0.465223256447061,138
"3/14/15","SKMEL5","C06",39,216,"PLX4720 (nM)",1e-06,"M","SKMel5_C06",0.93470853974828,191
"3/14/15","SKMEL5","C06",46,235,"PLX4720 (nM)",1e-06,"M","SKMel5_C06",1.05633798414981,208
"3/14/15","SKMEL5","C06",57,287,"PLX4720 (nM)",1e-06,"M","SKMel5_C06",1.3447279642605,254
"3/14/15","SKMEL5","C06",64,315,"PLX4720 (nM)",1e-06,"M","SKMel5_C06",1.47902905597209,279
"3/14/15","SKMEL5","C06",81,442,"PLX4720 (nM)",1e-06,"M","SKMel5_C06",1.96772359697624,391
"3/14/15","SKMEL5","C06",93,530,"PLX4720 (nM)",1e-06,"M","SKMel5_C06",2.22966958703537,469
"3/14/15","SKMEL5","C06",111,659,"PLX4720 (nM)",1e-06,"M","SKMel5_C06",2.54395569259286,583
"3/14/15","SKMEL5","C07",0,117,"PLX4720 (nM)",2e-06,"M","SKMel5_C07",0,100
"3/14/15","SKMEL5","C07",15,142,"PLX4720 (nM)",2e-06,"M","SKMel5_C07",0.279382399921277,121
"3/14/15","SKMEL5","C07",39,197,"PLX4720 (nM)",2e-06,"M","SKMel5_C07",0.751687099872972,168
"3/14/15","SKMEL5","C07",46,200,"PLX4720 (nM)",2e-06,"M","SKMel5_C07",0.77349147019132,171
"3/14/15","SKMEL5","C07",57,235,"PLX4720 (nM)",2e-06,"M","SKMel5_C07",1.00615222698159,201
"3/14/15","SKMEL5","C07",64,264,"PLX4720 (nM)",2e-06,"M","SKMel5_C07",1.17402939977505,226
"3/14/15","SKMEL5","C07",81,363,"PLX4720 (nM)",2e-06,"M","SKMel5_C07",1.63346101841235,310
"3/14/15","SKMEL5","C07",93,411,"PLX4720 (nM)",2e-06,"M","SKMel5_C07",1.81262986409828,351
"3/14/15","SKMEL5","C07",111,563,"PLX4720 (nM)",2e-06,"M","SKMel5_C07",2.26662639249682,481
"3/14/15","SKMEL5","C08",0,89,"PLX4720 (nM)",4e-06,"M","SKMel5_C08",0,100
"3/14/15","SKMEL5","C08",15,109,"PLX4720 (nM)",4e-06,"M","SKMel5_C08",0.292450893810528,122
"3/14/15","SKMEL5","C08",39,129,"PLX4720 (nM)",4e-06,"M","SKMel5_C08",0.535493824456856,145
"3/14/15","SKMEL5","C08",46,151,"PLX4720 (nM)",4e-06,"M","SKMel5_C08",0.762671308358681,170
"3/14/15","SKMEL5","C08",57,190,"PLX4720 (nM)",4e-06,"M","SKMel5_C08",1.09412217736455,213
"3/14/15","SKMEL5","C08",64,215,"PLX4720 (nM)",4e-06,"M","SKMel5_C08",1.27245941862306,242
"3/14/15","SKMEL5","C08",81,268,"PLX4720 (nM)",4e-06,"M","SKMel5_C08",1.59035575949137,301
"3/14/15","SKMEL5","C08",93,295,"PLX4720 (nM)",4e-06,"M","SKMel5_C08",1.72883771328281,331
"3/14/15","SKMEL5","C08",111,350,"PLX4720 (nM)",4e-06,"M","SKMel5_C08",1.97547768086593,393
"3/14/15","SKMEL5","C09",0,87,"PLX4720 (nM)",8e-06,"M","SKMel5_C09",0,100
"3/14/15","SKMEL5","C09",15,115,"PLX4720 (nM)",8e-06,"M","SKMel5_C09",0.402546555095647,132
"3/14/15","SKMEL5","C09",39,122,"PLX4720 (nM)",8e-06,"M","SKMel5_C09",0.487793841714159,140
"3/14/15","SKMEL5","C09",46,139,"PLX4720 (nM)",8e-06,"M","SKMel5_C09",0.67599757687478,160
"3/14/15","SKMEL5","C09",57,164,"PLX4720 (nM)",8e-06,"M","SKMel5_C09",0.914608508769356,189
"3/14/15","SKMEL5","C09",64,172,"PLX4720 (nM)",8e-06,"M","SKMel5_C09",0.98332125885337,198
"3/14/15","SKMEL5","C09",81,222,"PLX4720 (nM)",8e-06,"M","SKMel5_C09",1.35147237050138,255
"3/14/15","SKMEL5","C09",93,236,"PLX4720 (nM)",8e-06,"M","SKMel5_C09",1.43969955351311,271
"3/14/15","SKMEL5","C09",111,281,"PLX4720 (nM)",8e-06,"M","SKMel5_C09",1.6914828243722,323
"3/14/15","SKMEL5","C10",0,70,"PLX4720 (nM)",1.6e-05,"M","SKMel5_C10",0,100
"3/14/15","SKMEL5","C10",15,76,"PLX4720 (nM)",1.6e-05,"M","SKMel5_C10",0.118644496498619,109
"3/14/15","SKMEL5","C10",39,74,"PLX4720 (nM)",1.6e-05,"M","SKMel5_C10",0.0801703486839838,106
"3/14/15","SKMEL5","C10",46,80,"PLX4720 (nM)",1.6e-05,"M","SKMel5_C10",0.192645077942396,114
"3/14/15","SKMEL5","C10",57,85,"PLX4720 (nM)",1.6e-05,"M","SKMel5_C10",0.280107919192735,121
"3/14/15","SKMEL5","C10",64,83,"PLX4720 (nM)",1.6e-05,"M","SKMel5_C10",0.245756414401958,119
"3/14/15","SKMEL5","C10",81,105,"PLX4720 (nM)",1.6e-05,"M","SKMel5_C10",0.584962500721156,150
"3/14/15","SKMEL5","C10",93,116,"PLX4720 (nM)",1.6e-05,"M","SKMel5_C10",0.728697978182606,166
"3/14/15","SKMEL5","C10",111,144,"PLX4720 (nM)",1.6e-05,"M","SKMel5_C10",1.04064198449735,206
"3/14/15","SKMEL5","C11",0,111,"PLX4720 (nM)",3.2e-05,"M","SKMel5_C11",0,100
"3/14/15","SKMEL5","C11",15,141,"PLX4720 (nM)",3.2e-05,"M","SKMel5_C11",0.345135486048687,127
"3/14/15","SKMEL5","C11",39,100,"PLX4720 (nM)",3.2e-05,"M","SKMel5_C11",-0.150559676575382,90
"3/14/15","SKMEL5","C11",46,94,"PLX4720 (nM)",3.2e-05,"M","SKMel5_C11",-0.239827014672469,85
"3/14/15","SKMEL5","C11",57,107,"PLX4720 (nM)",3.2e-05,"M","SKMel5_C11",-0.0529488799489588,96
"3/14/15","SKMEL5","C11",64,102,"PLX4720 (nM)",3.2e-05,"M","SKMel5_C11",-0.121990524378611,92
"3/14/15","SKMEL5","C11",81,127,"PLX4720 (nM)",3.2e-05,"M","SKMel5_C11",0.194268820422059,114
"3/14/15","SKMEL5","C11",93,131,"PLX4720 (nM)",3.2e-05,"M","SKMel5_C11",0.239007135187344,118
"3/14/15","SKMEL5","C11",111,151,"PLX4720 (nM)",3.2e-05,"M","SKMel5_C11",0.443988872974972,136
"3/14/15","SKMEL5","D02",0,106,"control",0,"M","SKMel5_D02",0,100
"3/14/15","SKMEL5","D02",15,138,"control",0,"M","SKMel5_D02",0.38060400221497,130
"3/14/15","SKMEL5","D02",39,229,"control",0,"M","SKMel5_D02",1.11128333353374,216
"3/14/15","SKMEL5","D02",46,260,"control",0,"M","SKMel5_D02",1.29444735846526,245
"3/14/15","SKMEL5","D02",57,381,"control",0,"M","SKMel5_D02",1.84572673293012,359
"3/14/15","SKMEL5","D02",64,427,"control",0,"M","SKMel5_D02",2.01017180505729,403
"3/14/15","SKMEL5","D02",81,657,"control",0,"M","SKMel5_D02",2.63182910575913,620
"3/14/15","SKMEL5","D02",93,841,"control",0,"M","SKMel5_D02",2.98804153569194,793
"3/14/15","SKMEL5","D02",111,1363,"control",0,"M","SKMel5_D02",3.68464939224201,1286
"3/14/15","SKMEL5","E02",0,76,"control",0,"M","SKMel5_E02",0,100
"3/14/15","SKMEL5","E02",15,94,"control",0,"M","SKMel5_E02",0.306661338234052,124
"3/14/15","SKMEL5","E02",39,181,"control",0,"M","SKMel5_E02",1.25191837363962,238
"3/14/15","SKMEL5","E02",46,223,"control",0,"M","SKMel5_E02",1.55297238647672,293
"3/14/15","SKMEL5","E02",57,284,"control",0,"M","SKMel5_E02",1.9018196060611,374
"3/14/15","SKMEL5","E02",64,333,"control",0,"M","SKMel5_E02",2.13145085362768,438
"3/14/15","SKMEL5","E02",81,509,"control",0,"M","SKMel5_E02",2.74359433263211,670
"3/14/15","SKMEL5","E02",93,704,"control",0,"M","SKMel5_E02",3.21150410519371,926
"3/14/15","SKMEL5","E02",111,1079,"control",0,"M","SKMel5_E02",3.82755163604443,1420
"3/14/15","SKMEL5","F02",0,87,"control",0,"M","SKMel5_F02",0,100
"3/14/15","SKMEL5","F02",15,119,"control",0,"M","SKMel5_F02",0.451874267459216,137
"3/14/15","SKMEL5","F02",39,211,"control",0,"M","SKMel5_F02",1.27815569285846,243
"3/14/15","SKMEL5","F02",46,244,"control",0,"M","SKMel5_F02",1.48779384171416,280
"3/14/15","SKMEL5","F02",57,316,"control",0,"M","SKMel5_F02",1.86083725232837,363
"3/14/15","SKMEL5","F02",64,369,"control",0,"M","SKMel5_F02",2.08453351021167,424
"3/14/15","SKMEL5","F02",81,564,"control",0,"M","SKMel5_F02",2.69660785655007,648
"3/14/15","SKMEL5","F02",93,706,"control",0,"M","SKMel5_F02",3.02058087742245,811
"3/14/15","SKMEL5","F02",111,1051,"control",0,"M","SKMel5_F02",3.59460345811345,1208
"3/14/15","SKMEL5","G02",0,89,"control",0,"M","SKMel5_G02",0,100
"3/14/15","SKMEL5","G02",15,117,"control",0,"M","SKMel5_G02",0.394631288617007,131
"3/14/15","SKMEL5","G02",39,207,"control",0,"M","SKMel5_G02",1.21775352653293,233
"3/14/15","SKMEL5","G02",46,268,"control",0,"M","SKMel5_G02",1.59035575949137,301
"3/14/15","SKMEL5","G02",57,332,"control",0,"M","SKMel5_G02",1.89930600038053,373
"3/14/15","SKMEL5","G02",64,376,"control",0,"M","SKMel5_G02",2.07885542071124,422
"3/14/15","SKMEL5","G02",81,571,"control",0,"M","SKMel5_G02",2.68161350439645,642
"3/14/15","SKMEL5","G02",93,715,"control",0,"M","SKMel5_G02",3.00606600069935,803
"3/14/15","SKMEL5","G02",111,1053,"control",0,"M","SKMel5_G02",3.56455629005932,1183
"3/14/15","WM115","B02",0,77,"control",0,"M","WM115_B02",0,100
"3/14/15","WM115","B02",20,149,"control",0,"M","WM115_B02",0.95238197976726,194
"3/14/15","WM115","B02",42,302,"control",0,"M","WM115_B02",1.97161819863018,392
"3/14/15","WM115","B02",49,395,"control",0,"M","WM115_B02",2.35892230236956,513
"3/14/15","WM115","B02",62,536,"control",0,"M","WM115_B02",2.79930264976287,696
"3/14/15","WM115","B02",68,611,"control",0,"M","WM115_B02",2.98824202912383,794
"3/14/15","WM115","B02",85,1022,"control",0,"M","WM115_B02",3.73039294024272,1327
"3/14/15","WM115","B02",97,1389,"control",0,"M","WM115_B02",4.17304434328649,1804
"3/14/15","WM115","B02",115,2294,"control",0,"M","WM115_B02",4.89686313532092,2979
"3/14/15","WM115","B03",0,79,"PLX4720 (nM)",1.25e-07,"M","WM115_B03",0,100
"3/14/15","WM115","B03",20,148,"PLX4720 (nM)",1.25e-07,"M","WM115_B03",0.905672617451847,187
"3/14/15","WM115","B03",42,310,"PLX4720 (nM)",1.25e-07,"M","WM115_B03",1.97234365709714,392
"3/14/15","WM115","B03",49,344,"PLX4720 (nM)",1.25e-07,"M","WM115_B03",2.12248400652499,435
"3/14/15","WM115","B03",62,531,"PLX4720 (nM)",1.25e-07,"M","WM115_B03",2.74878730262705,672
"3/14/15","WM115","B03",68,531,"PLX4720 (nM)",1.25e-07,"M","WM115_B03",2.74878730262705,672
"3/14/15","WM115","B03",85,893,"PLX4720 (nM)",1.25e-07,"M","WM115_B03",3.49873561694412,1130
"3/14/15","WM115","B03",97,1347,"PLX4720 (nM)",1.25e-07,"M","WM115_B03",4.0917533872852,1705
"3/14/15","WM115","B03",115,2405,"PLX4720 (nM)",1.25e-07,"M","WM115_B03",4.9280404304803,3044
"3/14/15","WM115","B04",0,94,"PLX4720 (nM)",2.5e-07,"M","WM115_B04",0,100
"3/14/15","WM115","B04",20,171,"PLX4720 (nM)",2.5e-07,"M","WM115_B04",0.863263663208261,182
"3/14/15","WM115","B04",42,315,"PLX4720 (nM)",2.5e-07,"M","WM115_B04",1.74461916670964,335
"3/14/15","WM115","B04",49,422,"PLX4720 (nM)",2.5e-07,"M","WM115_B04",2.16651033702955,449
"3/14/15","WM115","B04",62,554,"PLX4720 (nM)",2.5e-07,"M","WM115_B04",2.55915331437155,589
"3/14/15","WM115","B04",68,701,"PLX4720 (nM)",2.5e-07,"M","WM115_B04",2.89868178233299,746
"3/14/15","WM115","B04",85,1061,"PLX4720 (nM)",2.5e-07,"M","WM115_B04",3.49662008923713,1129
"3/14/15","WM115","B04",97,1643,"PLX4720 (nM)",2.5e-07,"M","WM115_B04",4.12752791327244,1748
"3/14/15","WM115","B04",115,2795,"PLX4720 (nM)",2.5e-07,"M","WM115_B04",4.89404371605291,2973
"3/14/15","WM115","B05",0,109,"PLX4720 (nM)",5e-07,"M","WM115_B05",0,100
"3/14/15","WM115","B05",20,159,"PLX4720 (nM)",5e-07,"M","WM115_B05",0.54469863050743,146
"3/14/15","WM115","B05",42,341,"PLX4720 (nM)",5e-07,"M","WM115_B05",1.64544360424725,313
"3/14/15","WM115","B05",49,364,"PLX4720 (nM)",5e-07,"M","WM115_B05",1.73961031542177,334
"3/14/15","WM115","B05",62,517,"PLX4720 (nM)",5e-07,"M","WM115_B05",2.24583614553801,474
"3/14/15","WM115","B05",68,623,"PLX4720 (nM)",5e-07,"M","WM115_B05",2.51490402824708,572
"3/14/15","WM115","B05",85,917,"PLX4720 (nM)",5e-07,"M","WM115_B05",3.07259359881813,841
"3/14/15","WM115","B05",97,1251,"PLX4720 (nM)",5e-07,"M","WM115_B05",3.52068174938889,1148
"3/14/15","WM115","B05",115,2128,"PLX4720 (nM)",5e-07,"M","WM115_B05",4.28709811072426,1952
"3/14/15","WM115","B06",0,133,"PLX4720 (nM)",1e-06,"M","WM115_B06",0,100
"3/14/15","WM115","B06",20,237,"PLX4720 (nM)",1e-06,"M","WM115_B06",0.833460813397069,178
"3/14/15","WM115","B06",42,498,"PLX4720 (nM)",1e-06,"M","WM115_B06",1.90471949656689,374
"3/14/15","WM115","B06",49,506,"PLX4720 (nM)",1e-06,"M","WM115_B06",1.92771113919312,380
"3/14/15","WM115","B06",62,791,"PLX4720 (nM)",1e-06,"M","WM115_B06",2.5722514489716,595
"3/14/15","WM115","B06",68,864,"PLX4720 (nM)",1e-06,"M","WM115_B06",2.69960506666228,650
"3/14/15","WM115","B06",85,1422,"PLX4720 (nM)",1e-06,"M","WM115_B06",3.41842331411823,1069
"3/14/15","WM115","B06",97,1835,"PLX4720 (nM)",1e-06,"M","WM115_B06",3.78628191222939,1380
"3/14/15","WM115","B06",115,2602,"PLX4720 (nM)",1e-06,"M","WM115_B06",4.29012281121661,1956
"3/14/15","WM115","B07",0,105,"PLX4720 (nM)",2e-06,"M","WM115_B07",0,100
"3/14/15","WM115","B07",20,180,"PLX4720 (nM)",2e-06,"M","WM115_B07",0.777607578663552,171
"3/14/15","WM115","B07",42,348,"PLX4720 (nM)",2e-06,"M","WM115_B07",1.72869797818261,331
"3/14/15","WM115","B07",49,361,"PLX4720 (nM)",2e-06,"M","WM115_B07",1.78160950922105,344
"3/14/15","WM115","B07",62,528,"PLX4720 (nM)",2e-06,"M","WM115_B07",2.33014860169233,503
"3/14/15","WM115","B07",68,618,"PLX4720 (nM)",2e-06,"M","WM115_B07",2.55721751023825,589
"3/14/15","WM115","B07",85,907,"PLX4720 (nM)",2e-06,"M","WM115_B07",3.1107132228624,864
"3/14/15","WM115","B07",97,1201,"PLX4720 (nM)",2e-06,"M","WM115_B07",3.51577491803951,1144
"3/14/15","WM115","B07",115,1742,"PLX4720 (nM)",2e-06,"M","WM115_B07",4.05228339093274,1659
"3/14/15","WM115","B08",0,102,"PLX4720 (nM)",4e-06,"M","WM115_B08",0,100
"3/14/15","WM115","B08",20,170,"PLX4720 (nM)",4e-06,"M","WM115_B08",0.736965594166207,167
"3/14/15","WM115","B08",42,319,"PLX4720 (nM)",4e-06,"M","WM115_B08",1.64498727179337,313
"3/14/15","WM115","B08",49,368,"PLX4720 (nM)",4e-06,"M","WM115_B08",1.85113661408552,361
"3/14/15","WM115","B08",62,505,"PLX4720 (nM)",4e-06,"M","WM115_B08",2.30771423566766,495
"3/14/15","WM115","B08",68,533,"PLX4720 (nM)",4e-06,"M","WM115_B08",2.38556638078768,523
"3/14/15","WM115","B08",85,788,"PLX4720 (nM)",4e-06,"M","WM115_B08",2.94962647748488,773
"3/14/15","WM115","B08",97,944,"PLX4720 (nM)",4e-06,"M","WM115_B08",3.21021770739035,925
"3/14/15","WM115","B08",115,1302,"PLX4720 (nM)",4e-06,"M","WM115_B08",3.67408839119414,1276
"3/14/15","WM115","B09",0,113,"PLX4720 (nM)",8e-06,"M","WM115_B09",0,100
"3/14/15","WM115","B09",20,208,"PLX4720 (nM)",8e-06,"M","WM115_B09",0.880260755725904,184
"3/14/15","WM115","B09",42,319,"PLX4720 (nM)",8e-06,"M","WM115_B09",1.49723365134968,282
"3/14/15","WM115","B09",49,354,"PLX4720 (nM)",8e-06,"M","WM115_B09",1.64742658766781,313
"3/14/15","WM115","B09",62,459,"PLX4720 (nM)",8e-06,"M","WM115_B09",2.02217138099862,406
"3/14/15","WM115","B09",68,506,"PLX4720 (nM)",8e-06,"M","WM115_B09",2.16281461227912,448
"3/14/15","WM115","B09",85,690,"PLX4720 (nM)",8e-06,"M","WM115_B09",2.61027358925034,611
"3/14/15","WM115","B09",97,827,"PLX4720 (nM)",8e-06,"M","WM115_B09",2.87156455675609,732
"3/14/15","WM115","B09",115,1152,"PLX4720 (nM)",8e-06,"M","WM115_B09",3.34974603902712,1019
"3/14/15","WM115","B10",0,115,"PLX4720 (nM)",1.6e-05,"M","WM115_B10",0,100
"3/14/15","WM115","B10",20,178,"PLX4720 (nM)",1.6e-05,"M","WM115_B10",0.630243380022023,155
"3/14/15","WM115","B10",42,261,"PLX4720 (nM)",1.6e-05,"M","WM115_B10",1.18241594562551,227
"3/14/15","WM115","B10",49,299,"PLX4720 (nM)",1.6e-05,"M","WM115_B10",1.37851162325373,260
"3/14/15","WM115","B10",62,350,"PLX4720 (nM)",1.6e-05,"M","WM115_B10",1.60572106088795,304
"3/14/15","WM115","B10",68,363,"PLX4720 (nM)",1.6e-05,"M","WM115_B10",1.65833568705138,316
"3/14/15","WM115","B10",85,516,"PLX4720 (nM)",1.6e-05,"M","WM115_B10",2.16573720447888,449
"3/14/15","WM115","B10",97,562,"PLX4720 (nM)",1.6e-05,"M","WM115_B10",2.28893626927655,489
"3/14/15","WM115","B10",115,738,"PLX4720 (nM)",1.6e-05,"M","WM115_B10",2.68198695511602,642
"3/14/15","WM115","B11",0,125,"PLX4720 (nM)",3.2e-05,"M","WM115_B11",0,100
"3/14/15","WM115","B11",20,192,"PLX4720 (nM)",3.2e-05,"M","WM115_B11",0.619178216059069,154
"3/14/15","WM115","B11",42,227,"PLX4720 (nM)",3.2e-05,"M","WM115_B11",0.860764202628828,182
"3/14/15","WM115","B11",49,232,"PLX4720 (nM)",3.2e-05,"M","WM115_B11",0.892196710465485,186
"3/14/15","WM115","B11",62,310,"PLX4720 (nM)",3.2e-05,"M","WM115_B11",1.31034012061215,248
"3/14/15","WM115","B11",68,320,"PLX4720 (nM)",3.2e-05,"M","WM115_B11",1.35614381022527,256
"3/14/15","WM115","B11",85,393,"PLX4720 (nM)",3.2e-05,"M","WM115_B11",1.65260121759652,314
"3/14/15","WM115","B11",97,435,"PLX4720 (nM)",3.2e-05,"M","WM115_B11",1.799087306074,348
"3/14/15","WM115","B11",115,511,"PLX4720 (nM)",3.2e-05,"M","WM115_B11",2.03139519627553,409
"3/14/15","WM115","C02",0,96,"control",0,"M","WM115_C02",0,100
"3/14/15","WM115","C02",20,176,"control",0,"M","WM115_C02",0.874469117916141,183
"3/14/15","WM115","C02",42,361,"control",0,"M","WM115_C02",1.91089252616601,376
"3/14/15","WM115","C02",49,415,"control",0,"M","WM115_C02",2.11200502551313,432
"3/14/15","WM115","C02",62,673,"control",0,"M","WM115_C02",2.80950019388916,701
"3/14/15","WM115","C02",68,762,"control",0,"M","WM115_C02",2.98868468677217,794
"3/14/15","WM115","C02",85,747,"control",0,"M","WM115_C02",2.96000193206808,778
"3/14/15","WM115","C02",85,624,"control",0,"M","WM115_C02",2.70043971814109,650
"3/14/15","WM115","C02",97,1999,"control",0,"M","WM115_C02",4.38010025602347,2082
"3/14/15","WM115","C02",115,3239,"control",0,"M","WM115_C02",5.07637025207403,3374
"3/14/15","WM115","C03",0,86,"PLX4720 (nM)",1.25e-07,"M","WM115_C03",0,100
"3/14/15","WM115","C03",20,147,"PLX4720 (nM)",1.25e-07,"M","WM115_C03",0.773407590134267,171
"3/14/15","WM115","C03",42,295,"PLX4720 (nM)",1.25e-07,"M","WM115_C03",1.77830638954711,343
"3/14/15","WM115","C03",49,338,"PLX4720 (nM)",1.25e-07,"M","WM115_C03",1.97461468158009,393
"3/14/15","WM115","C03",62,497,"PLX4720 (nM)",1.25e-07,"M","WM115_C03",2.53083728686019,578
"3/14/15","WM115","C03",68,575,"PLX4720 (nM)",1.25e-07,"M","WM115_C03",2.74115339112964,669
"3/14/15","WM115","C03",85,936,"PLX4720 (nM)",1.25e-07,"M","WM115_C03",3.44409996488131,1088
"3/14/15","WM115","C03",97,1344,"PLX4720 (nM)",1.25e-07,"M","WM115_C03",3.96605266807666,1563
"3/14/15","WM115","C03",115,2322,"PLX4720 (nM)",1.25e-07,"M","WM115_C03",4.75488750216347,2700
"3/14/15","WM115","C04",0,122,"PLX4720 (nM)",2.5e-07,"M","WM115_C04",0,100
"3/14/15","WM115","C04",20,212,"PLX4720 (nM)",2.5e-07,"M","WM115_C04",0.797183117000312,174
"3/14/15","WM115","C04",42,405,"PLX4720 (nM)",2.5e-07,"M","WM115_C04",1.7310407602091,332
"3/14/15","WM115","C04",49,493,"PLX4720 (nM)",2.5e-07,"M","WM115_C04",2.01470649881503,404
"3/14/15","WM115","C04",62,704,"PLX4720 (nM)",2.5e-07,"M","WM115_C04",2.52869428107441,577
"3/14/15","WM115","C04",68,828,"PLX4720 (nM)",2.5e-07,"M","WM115_C04",2.76274961993644,679
"3/14/15","WM115","C04",85,1295,"PLX4720 (nM)",2.5e-07,"M","WM115_C04",3.40799904501103,1061
"3/14/15","WM115","C04",97,1835,"PLX4720 (nM)",2.5e-07,"M","WM115_C04",3.91082701016769,1504
"3/14/15","WM115","C04",115,2846,"PLX4720 (nM)",2.5e-07,"M","WM115_C04",4.5439826089636,2333
"3/14/15","WM115","C05",0,122,"PLX4720 (nM)",5e-07,"M","WM115_C05",0,100
"3/14/15","WM115","C05",20,218,"PLX4720 (nM)",5e-07,"M","WM115_C05",0.837446987214039,179
"3/14/15","WM115","C05",42,413,"PLX4720 (nM)",5e-07,"M","WM115_C05",1.75926063385656,339
"3/14/15","WM115","C05",49,481,"PLX4720 (nM)",5e-07,"M","WM115_C05",1.97915574620716,394
"3/14/15","WM115","C05",62,796,"PLX4720 (nM)",5e-07,"M","WM115_C05",2.70588728298076,652
"3/14/15","WM115","C05",68,866,"PLX4720 (nM)",5e-07,"M","WM115_C05",2.82748587716384,710
"3/14/15","WM115","C05",85,1412,"PLX4720 (nM)",5e-07,"M","WM115_C05",3.53278703570829,1157
"3/14/15","WM115","C05",97,1877,"PLX4720 (nM)",5e-07,"M","WM115_C05",3.94347559726799,1539
"3/14/15","WM115","C05",115,2575,"PLX4720 (nM)",5e-07,"M","WM115_C05",4.39961937939506,2111
"3/14/15","WM115","C06",0,99,"PLX4720 (nM)",1e-06,"M","WM115_C06",0,100
"3/14/15","WM115","C06",20,178,"PLX4720 (nM)",1e-06,"M","WM115_C06",0.846376810886788,180
"3/14/15","WM115","C06",42,330,"PLX4720 (nM)",1e-06,"M","WM115_C06",1.73696559416621,333
"3/14/15","WM115","C06",49,411,"PLX4720 (nM)",1e-06,"M","WM115_C06",2.05363796360207,415
"3/14/15","WM115","C06",62,469,"PLX4720 (nM)",1e-06,"M","WM115_C06",2.24408749243577,474
"3/14/15","WM115","C06",68,557,"PLX4720 (nM)",1e-06,"M","WM115_C06",2.49217689726042,563
"3/14/15","WM115","C06",85,950,"PLX4720 (nM)",1e-06,"M","WM115_C06",3.2624270831387,960
"3/14/15","WM115","C06",97,1195,"PLX4720 (nM)",1e-06,"M","WM115_C06",3.5934382827885,1207
"3/14/15","WM115","C06",115,1795,"PLX4720 (nM)",1e-06,"M","WM115_C06",4.1804115086308,1813
"3/14/15","WM115","C07",0,97,"PLX4720 (nM)",2e-06,"M","WM115_C07",0,100
"3/14/15","WM115","C07",20,174,"PLX4720 (nM)",2e-06,"M","WM115_C07",0.8430306536616,179
"3/14/15","WM115","C07",42,348,"PLX4720 (nM)",2e-06,"M","WM115_C07",1.8430306536616,359
"3/14/15","WM115","C07",49,377,"PLX4720 (nM)",2e-06,"M","WM115_C07",1.95850787108154,389
"3/14/15","WM115","C07",62,504,"PLX4720 (nM)",2e-06,"M","WM115_C07",2.37736708131279,520
"3/14/15","WM115","C07",68,529,"PLX4720 (nM)",2e-06,"M","WM115_C07",2.4472110699269,545
"3/14/15","WM115","C07",85,885,"PLX4720 (nM)",2e-06,"M","WM115_C07",3.18962080278323,912
"3/14/15","WM115","C07",97,1116,"PLX4720 (nM)",2e-06,"M","WM115_C07",3.52420846964206,1151
"3/14/15","WM115","C07",115,1501,"PLX4720 (nM)",2e-06,"M","WM115_C07",3.95179541943356,1547
"3/14/15","WM115","C08",0,106,"PLX4720 (nM)",4e-06,"M","WM115_C08",0,100
"3/14/15","WM115","C08",20,177,"PLX4720 (nM)",4e-06,"M","WM115_C08",0.739685095519799,167
"3/14/15","WM115","C08",42,332,"PLX4720 (nM)",4e-06,"M","WM115_C08",1.64711897678373,313
"3/14/15","WM115","C08",49,374,"PLX4720 (nM)",4e-06,"M","WM115_C08",1.81897400532444,353
"3/14/15","WM115","C08",62,496,"PLX4720 (nM)",4e-06,"M","WM115_C08",2.22627585582368,468
"3/14/15","WM115","C08",68,559,"PLX4720 (nM)",4e-06,"M","WM115_C08",2.39878401827999,527
"3/14/15","WM115","C08",85,774,"PLX4720 (nM)",4e-06,"M","WM115_C08",2.86826930158121,730
"3/14/15","WM115","C08",97,864,"PLX4720 (nM)",4e-06,"M","WM115_C08",3.02696704760027,815
"3/14/15","WM115","C08",115,1265,"PLX4720 (nM)",4e-06,"M","WM115_C08",3.57700121501847,1193
"3/14/15","WM115","C09",0,131,"PLX4720 (nM)",8e-06,"M","WM115_C09",0,100
"3/14/15","WM115","C09",20,230,"PLX4720 (nM)",8e-06,"M","WM115_C09",0.812067049406925,176
"3/14/15","WM115","C09",42,373,"PLX4720 (nM)",8e-06,"M","WM115_C09",1.50960881871779,285
"3/14/15","WM115","C09",49,371,"PLX4720 (nM)",8e-06,"M","WM115_C09",1.50185237508335,283
"3/14/15","WM115","C09",62,511,"PLX4720 (nM)",8e-06,"M","WM115_C09",1.96375647940017,390
"3/14/15","WM115","C09",68,578,"PLX4720 (nM)",8e-06,"M","WM115_C09",2.14150268096323,441
"3/14/15","WM115","C09",85,769,"PLX4720 (nM)",8e-06,"M","WM115_C09",2.55341678642438,587
"3/14/15","WM115","C09",97,978,"PLX4720 (nM)",8e-06,"M","WM115_C09",2.90026765341478,747
"3/14/15","WM115","C09",115,1259,"PLX4720 (nM)",8e-06,"M","WM115_C09",3.26463956618157,961
"3/14/15","WM115","C10",0,100,"PLX4720 (nM)",1.6e-05,"M","WM115_C10",0,100
"3/14/15","WM115","C10",20,176,"PLX4720 (nM)",1.6e-05,"M","WM115_C10",0.815575428862573,176
"3/14/15","WM115","C10",42,245,"PLX4720 (nM)",1.6e-05,"M","WM115_C10",1.29278174922785,245
"3/14/15","WM115","C10",49,290,"PLX4720 (nM)",1.6e-05,"M","WM115_C10",1.53605290024021,290
"3/14/15","WM115","C10",62,361,"PLX4720 (nM)",1.6e-05,"M","WM115_C10",1.85199883711245,361
"3/14/15","WM115","C10",68,402,"PLX4720 (nM)",1.6e-05,"M","WM115_C10",2.0071955014042,402
"3/14/15","WM115","C10",85,483,"PLX4720 (nM)",1.6e-05,"M","WM115_C10",2.27202318906105,483
"3/14/15","WM115","C10",97,530,"PLX4720 (nM)",1.6e-05,"M","WM115_C10",2.40599235967584,530
"3/14/15","WM115","C10",115,614,"PLX4720 (nM)",1.6e-05,"M","WM115_C10",2.61823865559545,614
"3/14/15","WM115","C11",0,79,"PLX4720 (nM)",3.2e-05,"M","WM115_C11",0,100
"3/14/15","WM115","C11",20,150,"PLX4720 (nM)",3.2e-05,"M","WM115_C11",0.925037942318777,190
"3/14/15","WM115","C11",42,158,"PLX4720 (nM)",3.2e-05,"M","WM115_C11",1,200
"3/14/15","WM115","C11",49,184,"PLX4720 (nM)",3.2e-05,"M","WM115_C11",1.21978120787991,233
"3/14/15","WM115","C11",62,221,"PLX4720 (nM)",3.2e-05,"M","WM115_C11",1.48412181121433,280
"3/14/15","WM115","C11",68,236,"PLX4720 (nM)",3.2e-05,"M","WM115_C11",1.57886230118474,299
"3/14/15","WM115","C11",85,265,"PLX4720 (nM)",3.2e-05,"M","WM115_C11",1.74606780127346,335
"3/14/15","WM115","C11",97,339,"PLX4720 (nM)",3.2e-05,"M","WM115_C11",2.10136071495924,429
"3/14/15","WM115","C11",115,366,"PLX4720 (nM)",3.2e-05,"M","WM115_C11",2.21191909010694,463
"3/14/15","WM115","D02",0,119,"control",0,"M","WM115_D02",0,100
"3/14/15","WM115","D02",20,203,"control",0,"M","WM115_D02",0.770518153877233,171
"3/14/15","WM115","D02",42,457,"control",0,"M","WM115_D02",1.94123259175013,384
"3/14/15","WM115","D02",49,538,"control",0,"M","WM115_D02",2.17664459924868,452
"3/14/15","WM115","D02",62,806,"control",0,"M","WM115_D02",2.75981826522002,677
"3/14/15","WM115","D02",68,954,"control",0,"M","WM115_D02",3.00302769269757,802
"3/14/15","WM115","D02",85,1549,"control",0,"M","WM115_D02",3.70230366548163,1302
"3/14/15","WM115","D02",97,2203,"control",0,"M","WM115_D02",4.21043601639294,1851
"3/14/15","WM115","D02",115,3469,"control",0,"M","WM115_D02",4.86548636197844,2915
"3/14/15","WM115","E02",0,117,"control",0,"M","WM115_E02",0,100
"3/14/15","WM115","E02",20,203,"control",0,"M","WM115_E02",0.794971197601772,174
"3/14/15","WM115","E02",42,406,"control",0,"M","WM115_E02",1.79497119760177,347
"3/14/15","WM115","E02",49,482,"control",0,"M","WM115_E02",2.04252461664656,412
"3/14/15","WM115","E02",62,680,"control",0,"M","WM115_E02",2.5390262165543,581
"3/14/15","WM115","E02",68,786,"control",0,"M","WM115_E02",2.7480207826752,672
"3/14/15","WM115","E02",85,1248,"control",0,"M","WM115_E02",3.41503749927884,1067
"3/14/15","WM115","E02",97,1737,"control",0,"M","WM115_E02",3.89201731912699,1485
"3/14/15","WM115","E02",115,2720,"control",0,"M","WM115_E02",4.5390262165543,2325
"3/14/15","WM115","F02",0,103,"control",0,"M","WM115_F02",0,100
"3/14/15","WM115","F02",20,175,"control",0,"M","WM115_F02",0.76471058464911,170
"3/14/15","WM115","F02",42,355,"control",0,"M","WM115_F02",1.78517468720883,345
"3/14/15","WM115","F02",49,397,"control",0,"M","WM115_F02",1.94649466995974,385
"3/14/15","WM115","F02",62,616,"control",0,"M","WM115_F02",2.58028601351168,598
"3/14/15","WM115","F02",68,677,"control",0,"M","WM115_F02",2.71651149639178,657
"3/14/15","WM115","F02",85,1172,"control",0,"M","WM115_F02",3.50825632723903,1138
"3/14/15","WM115","F02",97,1610,"control",0,"M","WM115_F02",3.96634444581876,1563
"3/14/15","WM115","F02",115,2600,"control",0,"M","WM115_F02",4.6577953807326,2524
"3/14/15","WM115","G02",0,116,"control",0,"M","WM115_G02",0,100
"3/14/15","WM115","G02",20,183,"control",0,"M","WM115_G02",0.657718843156471,158
"3/14/15","WM115","G02",42,352,"control",0,"M","WM115_G02",1.60145062350972,303
"3/14/15","WM115","G02",49,426,"control",0,"M","WM115_G02",1.87672862509827,367
"3/14/15","WM115","G02",62,610,"control",0,"M","WM115_G02",2.39468443732268,526
"3/14/15","WM115","G02",68,700,"control",0,"M","WM115_G02",2.59323011670476,603
"3/14/15","WM115","G02",85,1124,"control",0,"M","WM115_G02",3.27644532509335,969
"3/14/15","WM115","G02",97,1528,"control",0,"M","WM115_G02",3.71944783290818,1317
"3/14/15","WM115","G02",115,2369,"control",0,"M","WM115_G02",4.35208148811266,2042
