"exptDate","plateID","cellLine","ECID","PLF_num","Well","Row","Column","Cell.Nucleus","conc","resp.ratio"
2012-01-14,1,"DS8","2012-01-14_1_DS8",1,"B03","B",3,12456,4e-06,0.536010901527648
2012-01-14,1,"DS8","2012-01-14_1_DS8",1,"B04","B",4,13367,8e-07,0.575213368715484
2012-01-14,1,"DS8","2012-01-14_1_DS8",1,"B05","B",5,12127,1.6e-07,0.521853259700208
2012-01-14,1,"DS8","2012-01-14_1_DS8",1,"B06","B",6,16320,3.2e-08,0.702287886394607
2012-01-14,1,"DS8","2012-01-14_1_DS8",1,"B07","B",7,23064,6.4e-09,0.992498027684143
2012-01-14,1,"DS8","2012-01-14_1_DS8",1,"B08","B",8,21784,1.28e-09,0.937416624829664
2012-01-14,1,"DS8","2012-01-14_1_DS8",1,"B09","B",9,21843,2.56e-10,0.939955533242487
2012-01-14,1,"DS8","2012-01-14_1_DS8",1,"B10","B",10,22971,5.12e-11,0.988496019507997
2012-01-14,1,"DS8","2012-01-14_1_DS8",1,"B11","B",11,22881,0,0.984623108369791
2012-01-14,1,"DS8","2012-01-14_1_DS8",1,"C03","C",3,13659,4e-06,0.587778813741663
2012-01-14,1,"DS8","2012-01-14_1_DS8",1,"C04","C",4,14162,8e-07,0.609424083769634
2012-01-14,1,"DS8","2012-01-14_1_DS8",1,"C05","C",5,15115,1.6e-07,0.650433909488632
2012-01-14,1,"DS8","2012-01-14_1_DS8",1,"C06","C",6,19414,3.2e-08,0.835429964856917
2012-01-14,1,"DS8","2012-01-14_1_DS8",1,"C07","C",7,22422,6.4e-09,0.964871261564943
2012-01-14,1,"DS8","2012-01-14_1_DS8",1,"C08","C",8,24947,1.28e-09,1.0735279351646
2012-01-14,1,"DS8","2012-01-14_1_DS8",1,"C09","C",9,25355,2.56e-10,1.09108513232446
2012-01-14,1,"DS8","2012-01-14_1_DS8",1,"C10","C",10,24532,5.12e-11,1.05566951158287
2012-01-14,1,"DS8","2012-01-14_1_DS8",1,"C11","C",11,23646,0,1.01754285304454
2012-01-14,1,"DS8","2012-01-14_1_DS8",1,"D03","D",3,13191,4e-06,0.567639675822994
2012-01-14,1,"DS8","2012-01-14_1_DS8",1,"D04","D",4,10460,8e-07,0.450118338951445
2012-01-14,1,"DS8","2012-01-14_1_DS8",1,"D05","D",5,13923,1.6e-07,0.599139353080399
2012-01-14,1,"DS8","2012-01-14_1_DS8",1,"D06","D",6,18424,3.2e-08,0.792827942336656
2012-01-14,1,"DS8","2012-01-14_1_DS8",1,"D07","D",7,23806,6.4e-09,1.02442802840135
2012-01-14,1,"DS8","2012-01-14_1_DS8",1,"D08","D",8,25333,1.28e-09,1.0901384207129
2012-01-14,1,"DS8","2012-01-14_1_DS8",1,"D09","D",9,24788,2.56e-10,1.06668579215377
2012-01-14,1,"DS8","2012-01-14_1_DS8",1,"D10","D",10,24190,5.12e-11,1.04095244925769
2012-01-14,1,"DS8","2012-01-14_1_DS8",1,"D11","D",11,23188,0,0.99783403858567
2012-01-14,1,"DS9","2012-01-14_1_DS9",1,"E03","E",3,5710,4e-06,0.280121664050235
2012-01-14,1,"DS9","2012-01-14_1_DS9",1,"E04","E",4,5725,8e-07,0.280857535321821
2012-01-14,1,"DS9","2012-01-14_1_DS9",1,"E05","E",5,6115,1.6e-07,0.299990188383046
2012-01-14,1,"DS9","2012-01-14_1_DS9",1,"E06","E",6,11767,3.2e-08,0.577266483516483
2012-01-14,1,"DS9","2012-01-14_1_DS9",1,"E07","E",7,20583,6.4e-09,1.0097625588697
2012-01-14,1,"DS9","2012-01-14_1_DS9",1,"E08","E",8,23048,1.28e-09,1.1306907378336
2012-01-14,1,"DS9","2012-01-14_1_DS9",1,"E09","E",9,24307,2.56e-10,1.19245486656201
2012-01-14,1,"DS9","2012-01-14_1_DS9",1,"E10","E",10,23020,5.12e-11,1.12931711145997
2012-01-14,1,"DS9","2012-01-14_1_DS9",1,"E11","E",11,25332,0,1.24273940345369
2012-01-14,1,"DS9","2012-01-14_1_DS9",1,"F03","F",3,4906,4e-06,0.24067896389325
2012-01-14,1,"DS9","2012-01-14_1_DS9",1,"F04","F",4,5185,8e-07,0.254366169544741
2012-01-14,1,"DS9","2012-01-14_1_DS9",1,"F05","F",5,6399,1.6e-07,0.313922684458399
2012-01-14,1,"DS9","2012-01-14_1_DS9",1,"F06","F",6,8906,3.2e-08,0.436911302982732
2012-01-14,1,"DS9","2012-01-14_1_DS9",1,"F07","F",7,21126,6.4e-09,1.0364010989011
2012-01-14,1,"DS9","2012-01-14_1_DS9",1,"F08","F",8,21175,1.28e-09,1.03880494505495
2012-01-14,1,"DS9","2012-01-14_1_DS9",1,"F09","F",9,22996,2.56e-10,1.12813971742543
2012-01-14,1,"DS9","2012-01-14_1_DS9",1,"F10","F",10,23224,5.12e-11,1.13932496075353
2012-01-14,1,"DS9","2012-01-14_1_DS9",1,"F11","F",11,18778,0,0.921212715855573
2012-01-14,1,"DS9","2012-01-14_1_DS9",1,"G03","G",3,5340,4e-06,0.261970172684458
2012-01-14,1,"DS9","2012-01-14_1_DS9",1,"G04","G",4,5451,8e-07,0.267415620094192
2012-01-14,1,"DS9","2012-01-14_1_DS9",1,"G05","G",5,5700,1.6e-07,0.279631083202512
2012-01-14,1,"DS9","2012-01-14_1_DS9",1,"G06","G",6,8770,3.2e-08,0.430239403453689
2012-01-14,1,"DS9","2012-01-14_1_DS9",1,"G07","G",7,18928,6.4e-09,0.928571428571429
2012-01-14,1,"DS9","2012-01-14_1_DS9",1,"G08","G",8,20265,1.28e-09,0.994162087912088
2012-01-14,1,"DS9","2012-01-14_1_DS9",1,"G09","G",9,20252,2.56e-10,0.993524332810047
2012-01-14,1,"DS9","2012-01-14_1_DS9",1,"G10","G",10,20036,5.12e-11,0.982927786499215
2012-01-14,1,"DS9","2012-01-14_1_DS9",1,"G11","G",11,17042,0,0.836047880690738
2012-03-20,1,"DS1","2012-03-20_1_DS1",7,"A03","A",3,11135,2e-06,0.358323746389812
2012-03-20,1,"DS1","2012-03-20_1_DS1",7,"A04","A",4,10668,2e-07,0.343295709608129
2012-03-20,1,"DS1","2012-03-20_1_DS1",7,"A05","A",5,17723,2e-08,0.570325258847475
2012-03-20,1,"DS1","2012-03-20_1_DS1",7,"A06","A",6,25756,2e-09,0.828826799462595
2012-03-20,1,"DS1","2012-03-20_1_DS1",7,"A07","A",7,27040,2e-10,0.870145855624653
2012-03-20,1,"DS1","2012-03-20_1_DS1",7,"A08","A",8,26279,2e-11,0.845656913460069
2012-03-20,1,"DS1","2012-03-20_1_DS1",7,"A09","A",9,28735,2e-12,0.924690871352604
2012-03-20,1,"DS1","2012-03-20_1_DS1",7,"A10","A",10,28153,2e-13,0.905962140288493
2012-03-20,1,"DS1","2012-03-20_1_DS1",7,"A11","A",11,25067,0,0.806654813718313
2012-03-20,1,"DS1","2012-03-20_1_DS1",7,"B03","B",3,12097,2e-06,0.389280858561074
2012-03-20,1,"DS1","2012-03-20_1_DS1",7,"B04","B",4,12695,2e-07,0.408524468829696
2012-03-20,1,"DS1","2012-03-20_1_DS1",7,"B05","B",5,20462,2e-08,0.65846614266981
2012-03-20,1,"DS1","2012-03-20_1_DS1",7,"B06","B",6,31313,2e-09,1.00765078317954
2012-03-20,1,"DS1","2012-03-20_1_DS1",7,"B07","B",7,31692,2e-10,1.01984698433641
2012-03-20,1,"DS1","2012-03-20_1_DS1",7,"B08","B",8,32035,2e-11,1.03088470728313
2012-03-20,1,"DS1","2012-03-20_1_DS1",7,"B09","B",9,31952,2e-12,1.02821377140972
2012-03-20,1,"DS1","2012-03-20_1_DS1",7,"B10","B",10,34389,2e-13,1.1066363102469
2012-03-20,1,"DS1","2012-03-20_1_DS1",7,"B11","B",11,32025,0,1.03056290778031
2012-03-20,1,"DS1","2012-03-20_1_DS1",7,"C03","C",3,13732,2e-06,0.441895077272106
2012-03-20,1,"DS1","2012-03-20_1_DS1",7,"C04","C",4,13212,2e-07,0.425161503125478
2012-03-20,1,"DS1","2012-03-20_1_DS1",7,"C05","C",5,23010,2e-08,0.740460655988286
2012-03-20,1,"DS1","2012-03-20_1_DS1",7,"C06","C",6,33103,2e-09,1.06525289418428
2012-03-20,1,"DS1","2012-03-20_1_DS1",7,"C07","C",7,32839,2e-10,1.05675738730984
2012-03-20,1,"DS1","2012-03-20_1_DS1",7,"C08","C",8,32398,2e-11,1.04256602923548
2012-03-20,1,"DS1","2012-03-20_1_DS1",7,"C09","C",9,32968,2e-12,1.06090860089621
2012-03-20,1,"DS1","2012-03-20_1_DS1",7,"C10","C",10,36966,2e-13,1.18956404212355
2012-03-20,1,"DS1","2012-03-20_1_DS1",7,"C11","C",11,33299,0,1.07156016443955
2012-03-20,1,"DS1","2012-03-20_1_DS1",7,"D03","D",3,13488,2e-06,0.434043169403303
2012-03-20,1,"DS1","2012-03-20_1_DS1",7,"D04","D",4,14228,2e-07,0.457856332611966
2012-03-20,1,"DS1","2012-03-20_1_DS1",7,"D05","D",5,22680,2e-08,0.729841272395234
2012-03-20,1,"DS1","2012-03-20_1_DS1",7,"D06","D",6,30659,2e-09,0.986605095695127
2012-03-20,1,"DS1","2012-03-20_1_DS1",7,"D07","D",7,31795,2e-10,1.02316151921545
2012-03-20,1,"DS1","2012-03-20_1_DS1",7,"D08","D",8,34874,2e-11,1.12224358613366
2012-03-20,1,"DS1","2012-03-20_1_DS1",7,"D09","D",9,31850,2e-12,1.02493141648096
2012-03-20,1,"DS1","2012-03-20_1_DS1",7,"D10","D",10,35697,2e-13,1.14872768521573
2012-03-20,1,"DS1","2012-03-20_1_DS1",7,"D11","D",11,33910,0,1.09122211406183
2012-03-20,1,"DS2","2012-03-20_1_DS2",7,"E03","E",3,22967,2e-06,0.519835903239496
2012-03-20,1,"DS2","2012-03-20_1_DS2",7,"E04","E",4,22252,2e-07,0.503652567548451
2012-03-20,1,"DS2","2012-03-20_1_DS2",7,"E05","E",5,47137,2e-08,1.06690055170463
2012-03-20,1,"DS2","2012-03-20_1_DS2",7,"E06","E",6,47975,2e-09,1.08586787381525
2012-03-20,1,"DS2","2012-03-20_1_DS2",7,"E07","E",7,44208,2e-10,1.00060546046117
2012-03-20,1,"DS2","2012-03-20_1_DS2",7,"E08","E",8,46256,2e-11,1.04695996604895
2012-03-20,1,"DS2","2012-03-20_1_DS2",7,"E09","E",9,41806,2e-12,0.946238506153628
2012-03-20,1,"DS2","2012-03-20_1_DS2",7,"E10","E",10,44948,2e-13,1.0173546470505
2012-03-20,1,"DS2","2012-03-20_1_DS2",7,"E11","E",11,45489,0,1.02959966048946
2012-03-20,1,"DS2","2012-03-20_1_DS2",7,"F03","F",3,20654,2e-06,0.467483378129863
2012-03-20,1,"DS2","2012-03-20_1_DS2",7,"F04","F",4,22292,2e-07,0.504557928985712
2012-03-20,1,"DS2","2012-03-20_1_DS2",7,"F05","F",5,42620,2e-08,0.964662611401896
2012-03-20,1,"DS2","2012-03-20_1_DS2",7,"F06","F",6,49211,2e-09,1.11384354222662
2012-03-20,1,"DS2","2012-03-20_1_DS2",7,"F07","F",7,47893,2e-10,1.08401188286886
2012-03-20,1,"DS2","2012-03-20_1_DS2",7,"F08","F",8,44049,2e-11,0.997006648748055
2012-03-20,1,"DS2","2012-03-20_1_DS2",7,"F09","F",9,42565,2e-12,0.963417739425661
2012-03-20,1,"DS2","2012-03-20_1_DS2",7,"F10","F",10,44183,2e-13,1.00003960956288
2012-03-20,1,"DS2","2012-03-20_1_DS2",7,"F11","F",11,45268,0,1.02459753854859
2012-03-20,1,"DS2","2012-03-20_1_DS2",7,"G03","G",3,21389,2e-06,0.484119394539539
2012-03-20,1,"DS2","2012-03-20_1_DS2",7,"G04","G",4,20467,2e-07,0.463250813410666
2012-03-20,1,"DS2","2012-03-20_1_DS2",7,"G05","G",5,40040,2e-08,0.906266798698543
2012-03-20,1,"DS2","2012-03-20_1_DS2",7,"G06","G",6,43369,2e-09,0.981615504314613
2012-03-20,1,"DS2","2012-03-20_1_DS2",7,"G07","G",7,43012,2e-10,0.973535153487056
2012-03-20,1,"DS2","2012-03-20_1_DS2",7,"G08","G",8,42595,2e-11,0.964096760503607
2012-03-20,1,"DS2","2012-03-20_1_DS2",7,"G09","G",9,43698,2e-12,0.989062102136087
2012-03-20,1,"DS2","2012-03-20_1_DS2",7,"G10","G",10,42369,2e-13,0.958981468383081
2012-03-20,1,"DS2","2012-03-20_1_DS2",7,"G11","G",11,45405,0,1.02769840147121
2012-03-20,1,"DS2","2012-03-20_1_DS2",7,"H03","H",3,13857,2e-06,0.31363983590324
2012-03-20,1,"DS2","2012-03-20_1_DS2",7,"H04","H",4,16768,2e-07,0.379527514499929
2012-03-20,1,"DS2","2012-03-20_1_DS2",7,"H05","H",5,33383,2e-08,0.755592021502334
2012-03-20,1,"DS2","2012-03-20_1_DS2",7,"H06","H",6,40962,2e-09,0.927135379827415
2012-03-20,1,"DS2","2012-03-20_1_DS2",7,"H07","H",7,39008,2e-10,0.882908473617202
2012-03-20,1,"DS2","2012-03-20_1_DS2",7,"H08","H",8,38843,2e-11,0.879173857688499
2012-03-20,1,"DS2","2012-03-20_1_DS2",7,"H09","H",9,38885,2e-12,0.880124487197623
2012-03-20,1,"DS2","2012-03-20_1_DS2",7,"H10","H",10,40468,2e-13,0.915954166077239
2012-03-20,1,"DS2","2012-03-20_1_DS2",7,"H11","H",11,40563,0,0.918104399490734
2012-03-20,2,"DS3","2012-03-20_2_DS3",7,"A03","A",3,11334,2e-06,0.403729529000027
2012-03-20,2,"DS3","2012-03-20_2_DS3",7,"A04","A",4,10183,2e-07,0.362729644768596
2012-03-20,2,"DS3","2012-03-20_2_DS3",7,"A05","A",5,17317,2e-08,0.616850560587036
2012-03-20,2,"DS3","2012-03-20_2_DS3",7,"A06","A",6,21214,2e-09,0.755665980960523
2012-03-20,2,"DS3","2012-03-20_2_DS3",7,"A07","A",7,19908,2e-10,0.709144826480725
2012-03-20,2,"DS3","2012-03-20_2_DS3",7,"A08","A",8,22288,2e-11,0.793923040616957
2012-03-20,2,"DS3","2012-03-20_2_DS3",7,"A09","A",9,23366,2e-12,0.832322584666898
2012-03-20,2,"DS3","2012-03-20_2_DS3",7,"A10","A",10,20751,2e-13,0.739173412412172
2012-03-20,2,"DS3","2012-03-20_2_DS3",7,"A11","A",11,19301,0,0.687522819766147
2012-03-20,2,"DS3","2012-03-20_2_DS3",7,"B03","B",3,13963,2e-06,0.497377396632025
2012-03-20,2,"DS3","2012-03-20_2_DS3",7,"B04","B",4,15462,2e-07,0.550773423098501
2012-03-20,2,"DS3","2012-03-20_2_DS3",7,"B05","B",5,26972,2e-08,0.960772265412804
2012-03-20,2,"DS3","2012-03-20_2_DS3",7,"B06","B",6,30001,2e-09,1.06866857239543
2012-03-20,2,"DS3","2012-03-20_2_DS3",7,"B07","B",7,29999,2e-10,1.06859733019868
2012-03-20,2,"DS3","2012-03-20_2_DS3",7,"B08","B",8,30998,2e-11,1.10418280747687
2012-03-20,2,"DS3","2012-03-20_2_DS3",7,"B09","B",9,29447,2e-12,1.04893448389481
2012-03-20,2,"DS3","2012-03-20_2_DS3",7,"B10","B",10,28057,2e-13,0.999421157151381
2012-03-20,2,"DS3","2012-03-20_2_DS3",7,"B11","B",11,28979,0,1.03226380985458
2012-03-20,2,"DS3","2012-03-20_2_DS3",7,"C03","C",3,17823,2e-06,0.634874836365579
2012-03-20,2,"DS3","2012-03-20_2_DS3",7,"C04","C",4,16674,2e-07,0.593946194330902
2012-03-20,2,"DS3","2012-03-20_2_DS3",7,"C05","C",5,30585,2e-08,1.08947129384735
2012-03-20,2,"DS3","2012-03-20_2_DS3",7,"C06","C",6,33191,2e-09,1.18229987621668
2012-03-20,2,"DS3","2012-03-20_2_DS3",7,"C07","C",7,34275,2e-10,1.22091314685688
2012-03-20,2,"DS3","2012-03-20_2_DS3",7,"C08","C",8,33222,2e-11,1.18340413026636
2012-03-20,2,"DS3","2012-03-20_2_DS3",7,"C09","C",9,32680,2e-12,1.16409749494626
2012-03-20,2,"DS3","2012-03-20_2_DS3",7,"C10","C",10,34062,2e-13,1.21332585290267
2012-03-20,2,"DS3","2012-03-20_2_DS3",7,"C11","C",11,31905,0,1.13649114370442
2012-03-20,2,"DS3","2012-03-20_2_DS3",7,"D03","D",3,16502,2e-06,0.587819365410132
2012-03-20,2,"DS3","2012-03-20_2_DS3",7,"D04","D",4,18923,2e-07,0.674058044579805
2012-03-20,2,"DS3","2012-03-20_2_DS3",7,"D05","D",5,31587,2e-08,1.12516363442067
2012-03-20,2,"DS3","2012-03-20_2_DS3",7,"D06","D",6,33318,2e-09,1.18682375571051
2012-03-20,2,"DS3","2012-03-20_2_DS3",7,"D07","D",7,32307,2e-10,1.1508108252518
2012-03-20,2,"DS3","2012-03-20_2_DS3",7,"D08","D",8,34984,2e-11,1.24616850560587
2012-03-20,2,"DS3","2012-03-20_2_DS3",7,"D09","D",9,32265,2e-12,1.14931473911998
2012-03-20,2,"DS3","2012-03-20_2_DS3",7,"D10","D",10,32104,2e-13,1.14357974228135
2012-03-20,2,"DS3","2012-03-20_2_DS3",7,"D11","D",11,32108,0,1.14372222667486
2012-03-20,2,"DS4","2012-03-20_2_DS4",7,"E03","E",3,12701,2e-06,0.701363962670495
2012-03-20,2,"DS4","2012-03-20_2_DS4",7,"E04","E",4,14987,2e-07,0.82759953614225
2012-03-20,2,"DS4","2012-03-20_2_DS4",7,"E05","E",5,28021,2e-08,1.5473521453421
2012-03-20,2,"DS4","2012-03-20_2_DS4",7,"E06","E",6,23567,2e-09,1.30139709536694
2012-03-20,2,"DS4","2012-03-20_2_DS4",7,"E07","E",7,23444,2e-10,1.29460489259484
2012-03-20,2,"DS4","2012-03-20_2_DS4",7,"E08","E",8,23950,2e-11,1.32254679993373
2012-03-20,2,"DS4","2012-03-20_2_DS4",7,"E09","E",9,25795,2e-12,1.42442984151527
2012-03-20,2,"DS4","2012-03-20_2_DS4",7,"E10","E",10,22749,2e-13,1.25622618587443
2012-03-20,2,"DS4","2012-03-20_2_DS4",7,"E11","E",11,20057,0,1.10757082113866
2012-03-20,2,"DS4","2012-03-20_2_DS4",7,"F03","F",3,13076,2e-06,0.722071897951295
2012-03-20,2,"DS4","2012-03-20_2_DS4",7,"F04","F",4,14693,2e-07,0.811364514882103
2012-03-20,2,"DS4","2012-03-20_2_DS4",7,"F05","F",5,28413,2e-08,1.56899884035562
2012-03-20,2,"DS4","2012-03-20_2_DS4",7,"F06","F",6,23500,2e-09,1.29769727759678
2012-03-20,2,"DS4","2012-03-20_2_DS4",7,"F07","F",7,24993,2e-10,1.38014247059473
2012-03-20,2,"DS4","2012-03-20_2_DS4",7,"F08","F",8,24793,2e-11,1.36909823844497
2012-03-20,2,"DS4","2012-03-20_2_DS4",7,"F09","F",9,22362,2e-12,1.23485559666464
2012-03-20,2,"DS4","2012-03-20_2_DS4",7,"F10","F",10,23268,2e-13,1.28488596830305
2012-03-20,2,"DS4","2012-03-20_2_DS4",7,"F11","F",11,18139,0,1.00165663482246
2012-03-20,2,"DS4","2012-03-20_2_DS4",7,"G03","G",3,10725,2e-06,0.592246949030869
2012-03-20,2,"DS4","2012-03-20_2_DS4",7,"G04","G",4,13840,2e-07,0.764260864763377
2012-03-20,2,"DS4","2012-03-20_2_DS4",7,"G05","G",5,23532,2e-08,1.29946435474074
2012-03-20,2,"DS4","2012-03-20_2_DS4",7,"G06","G",6,21930,2e-09,1.21100005522116
2012-03-20,2,"DS4","2012-03-20_2_DS4",7,"G07","G",7,23130,2e-10,1.27726544811972
2012-03-20,2,"DS4","2012-03-20_2_DS4",7,"G08","G",8,22570,2e-11,1.24634159810039
2012-03-20,2,"DS4","2012-03-20_2_DS4",7,"G09","G",9,21444,2e-12,1.18416257109724
2012-03-20,2,"DS4","2012-03-20_2_DS4",7,"G10","G",10,21812,2e-13,1.2044839582528
2012-03-20,2,"DS4","2012-03-20_2_DS4",7,"G11","G",11,16125,0,0.890441217074383
2012-03-20,2,"DS4","2012-03-20_2_DS4",7,"H03","H",3,7600,2e-06,0.419680821690872
2012-03-20,2,"DS4","2012-03-20_2_DS4",7,"H04","H",4,7025,2e-07,0.387928654260313
2012-03-20,2,"DS4","2012-03-20_2_DS4",7,"H05","H",5,15515,2e-08,0.856756309017616
2012-03-20,2,"DS4","2012-03-20_2_DS4",7,"H06","H",6,15416,2e-09,0.851289414103484
2012-03-20,2,"DS4","2012-03-20_2_DS4",7,"H07","H",7,17778,2e-10,0.981721795792148
2012-03-20,2,"DS4","2012-03-20_2_DS4",7,"H08","H",8,15800,2e-11,0.872494339831023
2012-03-20,2,"DS4","2012-03-20_2_DS4",7,"H09","H",9,17568,2e-12,0.9701253520349
2012-03-20,2,"DS4","2012-03-20_2_DS4",7,"H10","H",10,17020,2e-13,0.939864155944558
2012-03-20,2,"DS4","2012-03-20_2_DS4",7,"H11","H",11,18115,0,1.00033132696449
2012-03-20,3,"DS5","2012-03-20_3_DS5",7,"A03","A",3,7803,2e-06,0.362921792516453
2012-03-20,3,"DS5","2012-03-20_3_DS5",7,"A04","A",4,8839,2e-07,0.411106718448408
2012-03-20,3,"DS5","2012-03-20_3_DS5",7,"A05","A",5,20193,2e-08,0.939187460756727
2012-03-20,3,"DS5","2012-03-20_3_DS5",7,"A06","A",6,19330,2e-09,0.899048859328853
2012-03-20,3,"DS5","2012-03-20_3_DS5",7,"A07","A",7,19176,2e-10,0.891886235203832
2012-03-20,3,"DS5","2012-03-20_3_DS5",7,"A08","A",8,17989,2e-11,0.836678216785656
2012-03-20,3,"DS5","2012-03-20_3_DS5",7,"A09","A",9,19805,2e-12,0.921141368805377
2012-03-20,3,"DS5","2012-03-20_3_DS5",7,"A10","A",10,19837,2e-13,0.9226297062859
2012-03-20,3,"DS5","2012-03-20_3_DS5",7,"A11","A",11,17782,0,0.827050533708518
2012-03-20,3,"DS5","2012-03-20_3_DS5",7,"B03","B",3,8910,2e-06,0.41440896723332
2012-03-20,3,"DS5","2012-03-20_3_DS5",7,"B04","B",4,10698,2e-07,0.497569823957582
2012-03-20,3,"DS5","2012-03-20_3_DS5",7,"B05","B",5,25324,2e-08,1.17783307364945
2012-03-20,3,"DS5","2012-03-20_3_DS5",7,"B06","B",6,23360,2e-09,1.08648636078231
2012-03-20,3,"DS5","2012-03-20_3_DS5",7,"B07","B",7,20707,2e-10,0.963093881537639
2012-03-20,3,"DS5","2012-03-20_3_DS5",7,"B08","B",8,20427,2e-11,0.950070928583056
2012-03-20,3,"DS5","2012-03-20_3_DS5",7,"B09","B",9,20529,2e-12,0.954815004302226
2012-03-20,3,"DS5","2012-03-20_3_DS5",7,"B10","B",10,20716,2e-13,0.963512476454036
2012-03-20,3,"DS5","2012-03-20_3_DS5",7,"B11","B",11,20860,0,0.970209995116393
2012-03-20,3,"DS5","2012-03-20_3_DS5",7,"C03","C",3,10226,2e-06,0.475616846119858
2012-03-20,3,"DS5","2012-03-20_3_DS5",7,"C04","C",4,11299,2e-07,0.525522662263668
2012-03-20,3,"DS5","2012-03-20_3_DS5",7,"C05","C",5,27922,2e-08,1.29866747284947
2012-03-20,3,"DS5","2012-03-20_3_DS5",7,"C06","C",6,24956,2e-09,1.16071719262343
2012-03-20,3,"DS5","2012-03-20_3_DS5",7,"C07","C",7,23936,2e-10,1.11327643543173
2012-03-20,3,"DS5","2012-03-20_3_DS5",7,"C08","C",8,25257,2e-11,1.1747168670496
2012-03-20,3,"DS5","2012-03-20_3_DS5",7,"C09","C",9,22152,2e-12,1.03030162089254
2012-03-20,3,"DS5","2012-03-20_3_DS5",7,"C10","C",10,23107,2e-13,1.07471919257692
2012-03-20,3,"DS5","2012-03-20_3_DS5",7,"C11","C",11,23104,0,1.07457966093812
2012-03-20,3,"DS5","2012-03-20_3_DS5",7,"D03","D",3,8918,2e-06,0.414781051603451
2012-03-20,3,"DS5","2012-03-20_3_DS5",7,"D04","D",4,10968,2e-07,0.510127671449501
2012-03-20,3,"DS5","2012-03-20_3_DS5",7,"D05","D",5,25969,2e-08,1.20783237599126
2012-03-20,3,"DS5","2012-03-20_3_DS5",7,"D06","D",6,24155,2e-09,1.12346224506407
2012-03-20,3,"DS5","2012-03-20_3_DS5",7,"D07","D",7,23546,2e-10,1.09513732238785
2012-03-20,3,"DS5","2012-03-20_3_DS5",7,"D08","D",8,24528,2e-11,1.14081067882142
2012-03-20,3,"DS5","2012-03-20_3_DS5",7,"D09","D",9,21642,2e-12,1.00658124229669
2012-03-20,3,"DS5","2012-03-20_3_DS5",7,"D10","D",10,22608,2e-13,1.05151042999
2012-03-20,3,"DS5","2012-03-20_3_DS5",7,"D11","D",11,24256,0,1.12815981023697
2012-03-20,3,"DS6","2012-03-20_3_DS6",7,"E03","E",3,6918,2e-06,0.469040798684679
2012-03-20,3,"DS6","2012-03-20_3_DS6",7,"E04","E",4,7661,2e-07,0.519416241503805
2012-03-20,3,"DS6","2012-03-20_3_DS6",7,"E05","E",5,17996,2e-08,1.22012983711036
2012-03-20,3,"DS6","2012-03-20_3_DS6",7,"E06","E",6,17683,2e-09,1.19890841907216
2012-03-20,3,"DS6","2012-03-20_3_DS6",7,"E07","E",7,19274,2e-10,1.30677831076156
2012-03-20,3,"DS6","2012-03-20_3_DS6",7,"E08","E",8,15290,2e-11,1.03666288116345
2012-03-20,3,"DS6","2012-03-20_3_DS6",7,"E09","E",9,16250,2e-12,1.1017509364883
2012-03-20,3,"DS6","2012-03-20_3_DS6",7,"E10","E",10,16014,2e-13,1.0857501228876
2012-03-20,3,"DS6","2012-03-20_3_DS6",7,"E11","E",11,16114,0,1.09253012865061
2012-03-20,3,"DS6","2012-03-20_3_DS6",7,"F03","F",3,6343,2e-06,0.430055765547401
2012-03-20,3,"DS6","2012-03-20_3_DS6",7,"F04","F",4,6745,2e-07,0.45731138871468
2012-03-20,3,"DS6","2012-03-20_3_DS6",7,"F05","F",5,14034,2e-08,0.951506008780107
2012-03-20,3,"DS6","2012-03-20_3_DS6",7,"F06","F",6,17548,2e-09,1.1897554112921
2012-03-20,3,"DS6","2012-03-20_3_DS6",7,"F07","F",7,16793,2e-10,1.13856636778141
2012-03-20,3,"DS6","2012-03-20_3_DS6",7,"F08","F",8,16951,2e-11,1.14927877688696
2012-03-20,3,"DS6","2012-03-20_3_DS6",7,"F09","F",9,16072,2e-12,1.08968252623015
2012-03-20,3,"DS6","2012-03-20_3_DS6",7,"F10","F",10,16227,2e-13,1.1001915351628
2012-03-20,3,"DS6","2012-03-20_3_DS6",7,"F11","F",11,15371,0,1.04215468583148
2012-03-20,3,"DS6","2012-03-20_3_DS6",7,"G03","G",3,6288,2e-06,0.426326762377748
2012-03-20,3,"DS6","2012-03-20_3_DS6",7,"G04","G",4,6241,2e-07,0.423140159669136
2012-03-20,3,"DS6","2012-03-20_3_DS6",7,"G05","G",5,11574,2e-08,0.784717867010187
2012-03-20,3,"DS6","2012-03-20_3_DS6",7,"G06","G",6,14526,2e-09,0.984863637134092
2012-03-20,3,"DS6","2012-03-20_3_DS6",7,"G07","G",7,13572,2e-10,0.920182382155025
2012-03-20,3,"DS6","2012-03-20_3_DS6",7,"G08","G",8,14397,2e-11,0.976117429699815
2012-03-20,3,"DS6","2012-03-20_3_DS6",7,"G09","G",9,14512,2e-12,0.983914436327271
2012-03-20,3,"DS6","2012-03-20_3_DS6",7,"G10","G",10,14474,2e-13,0.981338034137329
2012-03-20,3,"DS6","2012-03-20_3_DS6",7,"G11","G",11,14052,0,0.952726409817448
2012-03-20,3,"DS6","2012-03-20_3_DS6",7,"H03","H",3,5822,2e-06,0.394731935522145
2012-03-20,3,"DS6","2012-03-20_3_DS6",7,"H04","H",4,5842,2e-07,0.396087936674746
2012-03-20,3,"DS6","2012-03-20_3_DS6",7,"H05","H",5,9455,2e-08,0.641049544892113
2012-03-20,3,"DS6","2012-03-20_3_DS6",7,"H06","H",6,11776,2e-09,0.798413478651457
2012-03-20,3,"DS6","2012-03-20_3_DS6",7,"H07","H",7,11669,2e-10,0.791158872485042
2012-03-20,3,"DS6","2012-03-20_3_DS6",7,"H08","H",8,12257,2e-11,0.83102530637151
2012-03-20,3,"DS6","2012-03-20_3_DS6",7,"H09","H",9,13848,2e-12,0.938895198060918
2012-03-20,3,"DS6","2012-03-20_3_DS6",7,"H10","H",10,12444,2e-13,0.84370391714833
2012-03-20,3,"DS6","2012-03-20_3_DS6",7,"H11","H",11,13460,0,0.912588775700459
2012-03-20,4,"DS7","2012-03-20_4_DS7",7,"A03","A",3,10153,2e-06,0.335240170707346
2012-03-20,4,"DS7","2012-03-20_4_DS7",7,"A04","A",4,11019,2e-07,0.363834476610287
2012-03-20,4,"DS7","2012-03-20_4_DS7",7,"A05","A",5,18567,2e-08,0.613060597805899
2012-03-20,4,"DS7","2012-03-20_4_DS7",7,"A06","A",6,25745,2e-09,0.850069752276235
2012-03-20,4,"DS7","2012-03-20_4_DS7",7,"A07","A",7,25552,2e-10,0.8436971182817
2012-03-20,4,"DS7","2012-03-20_4_DS7",7,"A08","A",8,26828,2e-11,0.885829144069406
2012-03-20,4,"DS7","2012-03-20_4_DS7",7,"A09","A",9,26449,2e-12,0.873315007883245
2012-03-20,4,"DS7","2012-03-20_4_DS7",7,"A10","A",10,27744,2e-13,0.916074391421708
2012-03-20,4,"DS7","2012-03-20_4_DS7",7,"A11","A",11,26255,0,0.866909355059723
2012-03-20,4,"DS7","2012-03-20_4_DS7",7,"B03","B",3,11077,2e-06,0.365749568691546
2012-03-20,4,"DS7","2012-03-20_4_DS7",7,"B04","B",4,12289,2e-07,0.405768389424069
2012-03-20,4,"DS7","2012-03-20_4_DS7",7,"B05","B",5,23932,2e-08,0.790206615322388
2012-03-20,4,"DS7","2012-03-20_4_DS7",7,"B06","B",6,29638,2e-09,0.978612053523522
2012-03-20,4,"DS7","2012-03-20_4_DS7",7,"B07","B",7,28538,2e-10,0.942291341637569
2012-03-20,4,"DS7","2012-03-20_4_DS7",7,"B08","B",8,29448,2e-11,0.972338476015948
2012-03-20,4,"DS7","2012-03-20_4_DS7",7,"B09","B",9,30887,2e-12,1.01985257092857
2012-03-20,4,"DS7","2012-03-20_4_DS7",7,"B10","B",10,28287,2e-13,0.934003615561774
2012-03-20,4,"DS7","2012-03-20_4_DS7",7,"B11","B",11,31606,0,1.04359310897039
2012-03-20,4,"DS7","2012-03-20_4_DS7",7,"C03","C",3,12652,2e-06,0.417754224346434
2012-03-20,4,"DS7","2012-03-20_4_DS7",7,"C04","C",4,13324,2e-07,0.439942877425852
2012-03-20,4,"DS7","2012-03-20_4_DS7",7,"C05","C",5,25454,2e-08,0.840461273040952
2012-03-20,4,"DS7","2012-03-20_4_DS7",7,"C06","C",6,33749,2e-09,1.11435245949002
2012-03-20,4,"DS7","2012-03-20_4_DS7",7,"C07","C",7,32681,2e-10,1.07908835013166
2012-03-20,4,"DS7","2012-03-20_4_DS7",7,"C08","C",8,32390,2e-11,1.06947987089638
2012-03-20,4,"DS7","2012-03-20_4_DS7",7,"C09","C",9,32796,2e-12,1.08288551546519
2012-03-20,4,"DS7","2012-03-20_4_DS7",7,"C10","C",10,32813,2e-13,1.08344683555798
2012-03-20,4,"DS7","2012-03-20_4_DS7",7,"C11","C",11,31792,0,1.04973461116202
2012-03-20,4,"DS7","2012-03-20_4_DS7",7,"D03","D",3,13066,2e-06,0.431424019547147
2012-03-20,4,"DS7","2012-03-20_4_DS7",7,"D04","D",4,13450,2e-07,0.444103249878243
2012-03-20,4,"DS7","2012-03-20_4_DS7",7,"D05","D",5,25716,2e-08,0.849112206235606
2012-03-20,4,"DS7","2012-03-20_4_DS7",7,"D06","D",6,33370,2e-09,1.10183832330386
2012-03-20,4,"DS7","2012-03-20_4_DS7",7,"D07","D",7,34060,2e-10,1.12462131530505
2012-03-20,4,"DS7","2012-03-20_4_DS7",7,"D08","D",8,31948,2e-11,1.05488554848402
2012-03-20,4,"DS7","2012-03-20_4_DS7",7,"D09","D",9,33365,2e-12,1.10167322915893
2012-03-20,4,"DS7","2012-03-20_4_DS7",7,"D10","D",10,32716,2e-13,1.08024400914622
2012-03-20,4,"DS7","2012-03-20_4_DS7",7,"D11","D",11,31490,0,1.03976292480787
2012-03-20,4,"par","2012-03-20_4_par",7,"E03","E",3,15279,2e-06,0.583808568562831
2012-03-20,4,"par","2012-03-20_4_par",7,"E04","E",4,17045,2e-07,0.651287194918088
2012-03-20,4,"par","2012-03-20_4_par",7,"E05","E",5,32248,2e-08,1.23219181353585
2012-03-20,4,"par","2012-03-20_4_par",7,"E06","E",6,29711,2e-09,1.13525337918517
2012-03-20,4,"par","2012-03-20_4_par",7,"E07","E",7,29660,2e-10,1.13330467593256
2012-03-20,4,"par","2012-03-20_4_par",7,"E08","E",8,30021,2e-11,1.14709843817166
2012-03-20,4,"par","2012-03-20_4_par",7,"E09","E",9,31384,2e-12,1.19917848784449
2012-03-20,4,"par","2012-03-20_4_par",7,"E10","E",10,29022,2e-13,1.10892678034102
2012-03-20,4,"par","2012-03-20_4_par",7,"E11","E",11,28912,0,1.10472369489421
2012-03-20,4,"par","2012-03-20_4_par",7,"F03","F",3,14097,2e-06,0.538644504943402
2012-03-20,4,"par","2012-03-20_4_par",7,"F04","F",4,15562,2e-07,0.59462196112146
2012-03-20,4,"par","2012-03-20_4_par",7,"F05","F",5,29202,2e-08,1.11580455652672
2012-03-20,4,"par","2012-03-20_4_par",7,"F06","F",6,30210,2e-09,1.15432010316664
2012-03-20,4,"par","2012-03-20_4_par",7,"F07","F",7,28797,2e-10,1.1003295601089
2012-03-20,4,"par","2012-03-20_4_par",7,"F08","F",8,31060,2e-11,1.18679849071023
2012-03-20,4,"par","2012-03-20_4_par",7,"F09","F",9,29731,2e-12,1.13601757653914
2012-03-20,4,"par","2012-03-20_4_par",7,"F10","F",10,29330,2e-13,1.12069541959211
2012-03-20,4,"par","2012-03-20_4_par",7,"F11","F",11,28613,0,1.0932989444524
2012-03-20,4,"par","2012-03-20_4_par",7,"G03","G",3,13495,2e-06,0.515642164589005
2012-03-20,4,"par","2012-03-20_4_par",7,"G04","G",4,13882,2e-07,0.53042938338826
2012-03-20,4,"par","2012-03-20_4_par",7,"G05","G",5,27141,2e-08,1.03705401920046
2012-03-20,4,"par","2012-03-20_4_par",7,"G06","G",6,28093,2e-09,1.07342981324927
2012-03-20,4,"par","2012-03-20_4_par",7,"G07","G",7,27793,2e-10,1.06196685293977
2012-03-20,4,"par","2012-03-20_4_par",7,"G08","G",8,26529,2e-11,1.01366958016908
2012-03-20,4,"par","2012-03-20_4_par",7,"G09","G",9,27988,2e-12,1.06941777714095
2012-03-20,4,"par","2012-03-20_4_par",7,"G10","G",10,26985,2e-13,1.03109327983952
2012-03-20,4,"par","2012-03-20_4_par",7,"G11","G",11,26712,0,1.02066198595787
2012-03-20,4,"par","2012-03-20_4_par",7,"H03","H",3,9764,2e-06,0.373081148206524
2012-03-20,4,"par","2012-03-20_4_par",7,"H04","H",4,11357,2e-07,0.433949467449969
2012-03-20,4,"par","2012-03-20_4_par",7,"H05","H",5,19784,2e-08,0.755944022543822
2012-03-20,4,"par","2012-03-20_4_par",7,"H06","H",6,21922,2e-09,0.837636719682858
2012-03-20,4,"par","2012-03-20_4_par",7,"H07","H",7,22382,2e-10,0.855213258824091
2012-03-20,4,"par","2012-03-20_4_par",7,"H08","H",8,21390,2e-11,0.817309070067345
2012-03-20,4,"par","2012-03-20_4_par",7,"H09","H",9,20444,2e-12,0.781162535224722
2012-03-20,4,"par","2012-03-20_4_par",7,"H10","H",10,23099,2e-13,0.882609733963796
2012-03-20,4,"par","2012-03-20_4_par",7,"H11","H",11,20448,0,0.781315374695515
2012-03-24,1,"DS1","2012-03-24_1_DS1",8,"A03","A",3,16537,2e-06,0.353643736600961
2012-03-24,1,"DS1","2012-03-24_1_DS1",8,"A04","A",4,17805,2e-07,0.380759915956952
2012-03-24,1,"DS1","2012-03-24_1_DS1",8,"A05","A",5,23777,2e-08,0.508471132923811
2012-03-24,1,"DS1","2012-03-24_1_DS1",8,"A06","A",6,43844,2e-09,0.937603917731907
2012-03-24,1,"DS1","2012-03-24_1_DS1",8,"A07","A",7,45011,2e-10,0.962560212139195
2012-03-24,1,"DS1","2012-03-24_1_DS1",8,"A08","A",8,45855,2e-11,0.980609151710533
2012-03-24,1,"DS1","2012-03-24_1_DS1",8,"A09","A",9,45012,2e-12,0.962581597138687
2012-03-24,1,"DS1","2012-03-24_1_DS1",8,"A10","A",10,44597,2e-13,0.953706822349463
2012-03-24,1,"DS1","2012-03-24_1_DS1",8,"A11","A",11,45888,0,0.981314856693772
2012-03-24,1,"DS1","2012-03-24_1_DS1",8,"B03","B",3,16307,2e-06,0.348725186717777
2012-03-24,1,"DS1","2012-03-24_1_DS1",8,"B04","B",4,17170,2e-07,0.367180441279465
2012-03-24,1,"DS1","2012-03-24_1_DS1",8,"B05","B",5,23887,2e-08,0.510823482867942
2012-03-24,1,"DS1","2012-03-24_1_DS1",8,"B06","B",6,44720,2e-09,0.956337177286992
2012-03-24,1,"DS1","2012-03-24_1_DS1",8,"B07","B",7,43799,2e-10,0.936641592754762
2012-03-24,1,"DS1","2012-03-24_1_DS1",8,"B08","B",8,44840,2e-11,0.958903377226045
2012-03-24,1,"DS1","2012-03-24_1_DS1",8,"B09","B",9,44519,2e-12,0.952038792389079
2012-03-24,1,"DS1","2012-03-24_1_DS1",8,"B10","B",10,45915,2e-13,0.981892251680059
2012-03-24,1,"DS1","2012-03-24_1_DS1",8,"B11","B",11,46586,0,0.996241586339262
2012-03-24,1,"DS1","2012-03-24_1_DS1",8,"C03","C",3,16897,2e-06,0.36134233641812
2012-03-24,1,"DS1","2012-03-24_1_DS1",8,"C04","C",4,16916,2e-07,0.36174865140847
2012-03-24,1,"DS1","2012-03-24_1_DS1",8,"C05","C",5,24735,2e-08,0.528957962437248
2012-03-24,1,"DS1","2012-03-24_1_DS1",8,"C06","C",6,45511,2e-09,0.973252711885248
2012-03-24,1,"DS1","2012-03-24_1_DS1",8,"C07","C",7,46953,2e-10,1.00408988115287
2012-03-24,1,"DS1","2012-03-24_1_DS1",8,"C08","C",8,46340,2e-11,0.990980876464204
2012-03-24,1,"DS1","2012-03-24_1_DS1",8,"C09","C",9,45560,2e-12,0.974300576860361
2012-03-24,1,"DS1","2012-03-24_1_DS1",8,"C10","C",10,46879,2e-13,1.00250739119045
2012-03-24,1,"DS1","2012-03-24_1_DS1",8,"C11","C",11,46671,0,0.998059311296091
2012-03-24,1,"DS1","2012-03-24_1_DS1",8,"D03","D",3,15838,2e-06,0.338695621955979
2012-03-24,1,"DS1","2012-03-24_1_DS1",8,"D04","D",4,16475,2e-07,0.352317866632451
2012-03-24,1,"DS1","2012-03-24_1_DS1",8,"D05","D",5,22635,2e-08,0.484049463503825
2012-03-24,1,"DS1","2012-03-24_1_DS1",8,"D06","D",6,44475,2e-09,0.951097852411426
2012-03-24,1,"DS1","2012-03-24_1_DS1",8,"D07","D",7,44367,2e-10,0.948788272466279
2012-03-24,1,"DS1","2012-03-24_1_DS1",8,"D08","D",8,46032,2e-11,0.984394296620635
2012-03-24,1,"DS1","2012-03-24_1_DS1",8,"D09","D",9,45936,2e-12,0.982341336669393
2012-03-24,1,"DS1","2012-03-24_1_DS1",8,"D10","D",10,45896,2e-13,0.981485936689709
2012-03-24,1,"DS1","2012-03-24_1_DS1",8,"D11","D",11,47902,0,1.02438424567087
2012-03-24,1,"DS2","2012-03-24_1_DS2",8,"E03","E",3,24484,2e-06,0.422299934026415
2012-03-24,1,"DS2","2012-03-24_1_DS2",8,"E04","E",4,24924,2e-07,0.42988905226574
2012-03-24,1,"DS2","2012-03-24_1_DS2",8,"E05","E",5,42709,2e-08,0.736644661098439
2012-03-24,1,"DS2","2012-03-24_1_DS2",8,"E06","E",6,60018,2e-09,1.03519022383587
2012-03-24,1,"DS2","2012-03-24_1_DS2",8,"E07","E",7,56448,2e-10,0.973614878121348
2012-03-24,1,"DS2","2012-03-24_1_DS2",8,"E08","E",8,57695,2e-11,0.995123129131434
2012-03-24,1,"DS2","2012-03-24_1_DS2",8,"E09","E",9,55225,2e-12,0.952520579015226
2012-03-24,1,"DS2","2012-03-24_1_DS2",8,"E10","E",10,57759,2e-13,0.996227000875336
2012-03-24,1,"DS2","2012-03-24_1_DS2",8,"E11","E",11,58485,0,1.00874904597022
2012-03-24,1,"DS2","2012-03-24_1_DS2",8,"F03","F",3,23448,2e-06,0.404431010172006
2012-03-24,1,"DS2","2012-03-24_1_DS2",8,"F04","F",4,25022,2e-07,0.431579355873589
2012-03-24,1,"DS2","2012-03-24_1_DS2",8,"F05","F",5,41689,2e-08,0.719051705180004
2012-03-24,1,"DS2","2012-03-24_1_DS2",8,"F06","F",6,63744,2e-09,1.09945625692615
2012-03-24,1,"DS2","2012-03-24_1_DS2",8,"F07","F",7,56380,2e-10,0.972442014393453
2012-03-24,1,"DS2","2012-03-24_1_DS2",8,"F08","F",8,60137,2e-11,1.03724273535969
2012-03-24,1,"DS2","2012-03-24_1_DS2",8,"F09","F",9,58387,2e-12,1.00705874236237
2012-03-24,1,"DS2","2012-03-24_1_DS2",8,"F10","F",10,57173,2e-13,0.986119675220235
2012-03-24,1,"DS2","2012-03-24_1_DS2",8,"F11","F",11,57827,0,0.997399864603231
2012-03-24,1,"DS2","2012-03-24_1_DS2",8,"G03","G",3,22439,2e-06,0.387027782209555
2012-03-24,1,"DS2","2012-03-24_1_DS2",8,"G04","G",4,24556,2e-07,0.423541789738305
2012-03-24,1,"DS2","2012-03-24_1_DS2",8,"G05","G",5,41262,2e-08,0.71168681088866
2012-03-24,1,"DS2","2012-03-24_1_DS2",8,"G06","G",6,60753,2e-09,1.04786750089474
2012-03-24,1,"DS2","2012-03-24_1_DS2",8,"G07","G",7,56446,2e-10,0.973580382129351
2012-03-24,1,"DS2","2012-03-24_1_DS2",8,"G08","G",8,56902,2e-11,0.981445468304651
2012-03-24,1,"DS2","2012-03-24_1_DS2",8,"G09","G",9,55913,2e-12,0.96438720026217
2012-03-24,1,"DS2","2012-03-24_1_DS2",8,"G10","G",10,58049,2e-13,1.00122891971489
2012-03-24,1,"DS2","2012-03-24_1_DS2",8,"G11","G",11,57908,0,0.998796952279107
2012-03-24,1,"DS2","2012-03-24_1_DS2",8,"H03","H",3,20873,2e-06,0.360017420475958
2012-03-24,1,"DS2","2012-03-24_1_DS2",8,"H04","H",4,22320,2e-07,0.384975270685737
2012-03-24,1,"DS2","2012-03-24_1_DS2",8,"H05","H",5,36287,2e-08,0.625878030796297
2012-03-24,1,"DS2","2012-03-24_1_DS2",8,"H06","H",6,55271,2e-09,0.953313986831155
2012-03-24,1,"DS2","2012-03-24_1_DS2",8,"H07","H",7,50176,2e-10,0.865435447218976
2012-03-24,1,"DS2","2012-03-24_1_DS2",8,"H08","H",8,53615,2e-11,0.924751305457697
2012-03-24,1,"DS2","2012-03-24_1_DS2",8,"H09","H",9,55247,2e-12,0.952900034927192
2012-03-24,1,"DS2","2012-03-24_1_DS2",8,"H10","H",10,56020,2e-13,0.966232735834005
2012-03-24,1,"DS2","2012-03-24_1_DS2",8,"H11","H",11,57691,0,0.99505413714744
2012-03-24,2,"DS3","2012-03-24_2_DS3",8,"A03","A",3,7140,2e-06,0.313505087871437
2012-03-24,2,"DS3","2012-03-24_2_DS3",8,"A04","A",4,7657,2e-07,0.336205666362968
2012-03-24,2,"DS3","2012-03-24_2_DS3",8,"A05","A",5,10694,2e-08,0.469555099397359
2012-03-24,2,"DS3","2012-03-24_2_DS3",8,"A06","A",6,18710,2e-09,0.821523836705123
2012-03-24,2,"DS3","2012-03-24_2_DS3",8,"A07","A",7,19445,2e-10,0.853796419280124
2012-03-24,2,"DS3","2012-03-24_2_DS3",8,"A08","A",8,20120,2e-11,0.88343450531839
2012-03-24,2,"DS3","2012-03-24_2_DS3",8,"A09","A",9,19745,2e-12,0.866968901963798
2012-03-24,2,"DS3","2012-03-24_2_DS3",8,"A10","A",10,20691,2e-13,0.908506130692982
2012-03-24,2,"DS3","2012-03-24_2_DS3",8,"A11","A",11,19739,0,0.866705452310124
2012-03-24,2,"DS3","2012-03-24_2_DS3",8,"B03","B",3,8084,2e-06,0.354954500049397
2012-03-24,2,"DS3","2012-03-24_2_DS3",8,"B04","B",4,8402,2e-07,0.368917331694091
2012-03-24,2,"DS3","2012-03-24_2_DS3",8,"B05","B",5,14253,2e-08,0.625824652301343
2012-03-24,2,"DS3","2012-03-24_2_DS3",8,"B06","B",6,21647,2e-09,0.95048244217829
2012-03-24,2,"DS3","2012-03-24_2_DS3",8,"B07","B",7,22056,2e-10,0.968440926903698
2012-03-24,2,"DS3","2012-03-24_2_DS3",8,"B08","B",8,23702,2e-11,1.04071394856146
2012-03-24,2,"DS3","2012-03-24_2_DS3",8,"B09","B",9,22454,2e-12,0.985916420597372
2012-03-24,2,"DS3","2012-03-24_2_DS3",8,"B10","B",10,23589,2e-13,1.03575231341727
2012-03-24,2,"DS3","2012-03-24_2_DS3",8,"B11","B",11,22499,0,0.987892292999923
2012-03-24,2,"DS3","2012-03-24_2_DS3",8,"C03","C",3,9239,2e-06,0.405668558381541
2012-03-24,2,"DS3","2012-03-24_2_DS3",8,"C04","C",4,9051,2e-07,0.397413802566439
2012-03-24,2,"DS3","2012-03-24_2_DS3",8,"C05","C",5,15651,2e-08,0.687208421607262
2012-03-24,2,"DS3","2012-03-24_2_DS3",8,"C06","C",6,24602,2e-09,1.08023139661248
2012-03-24,2,"DS3","2012-03-24_2_DS3",8,"C07","C",7,25464,2e-10,1.11808033019023
2012-03-24,2,"DS3","2012-03-24_2_DS3",8,"C08","C",8,24987,2e-11,1.09713608272319
2012-03-24,2,"DS3","2012-03-24_2_DS3",8,"C09","C",9,24282,2e-12,1.06618074841656
2012-03-24,2,"DS3","2012-03-24_2_DS3",8,"C10","C",10,25341,2e-13,1.11267961228993
2012-03-24,2,"DS3","2012-03-24_2_DS3",8,"C11","C",11,25125,0,1.10319542475768
2012-03-24,2,"DS3","2012-03-24_2_DS3",8,"D03","D",3,8955,2e-06,0.393198608107663
2012-03-24,2,"DS3","2012-03-24_2_DS3",8,"D04","D",4,10318,2e-07,0.453045587767154
2012-03-24,2,"DS3","2012-03-24_2_DS3",8,"D05","D",5,15050,2e-08,0.660819547964303
2012-03-24,2,"DS3","2012-03-24_2_DS3",8,"D06","D",6,24828,2e-09,1.09015466690084
2012-03-24,2,"DS3","2012-03-24_2_DS3",8,"D07","D",7,23620,2e-10,1.03711346996125
2012-03-24,2,"DS3","2012-03-24_2_DS3",8,"D08","D",8,25756,2e-11,1.13090154666901
2012-03-24,2,"DS3","2012-03-24_2_DS3",8,"D09","D",9,23842,2e-12,1.04686110714717
2012-03-24,2,"DS3","2012-03-24_2_DS3",8,"D10","D",10,24652,2e-13,1.08242681039309
2012-03-24,2,"DS3","2012-03-24_2_DS3",8,"D11","D",11,23736,0,1.04220682993227
2012-03-24,2,"DS4","2012-03-24_2_DS4",8,"E03","E",3,9040,2e-06,0.526262170540379
2012-03-24,2,"DS4","2012-03-24_2_DS4",8,"E04","E",4,7672,2e-07,0.446624266856835
2012-03-24,2,"DS4","2012-03-24_2_DS4",8,"E05","E",5,15684,2e-08,0.913041579950808
2012-03-24,2,"DS4","2012-03-24_2_DS4",8,"E06","E",6,18187,2e-09,1.05875332916127
2012-03-24,2,"DS4","2012-03-24_2_DS4",8,"E07","E",7,16105,2e-10,0.937550028379735
2012-03-24,2,"DS4","2012-03-24_2_DS4",8,"E08","E",8,16529,2e-11,0.962233121334284
2012-03-24,2,"DS4","2012-03-24_2_DS4",8,"E09","E",9,16818,2e-12,0.979057210635852
2012-03-24,2,"DS4","2012-03-24_2_DS4",8,"E10","E",10,17914,2e-13,1.04286067732969
2012-03-24,2,"DS4","2012-03-24_2_DS4",8,"E11","E",11,17102,0,0.995590225728049
2012-03-24,2,"DS4","2012-03-24_2_DS4",8,"F03","F",3,8459,2e-06,0.492439347411623
2012-03-24,2,"DS4","2012-03-24_2_DS4",8,"F04","F",4,9196,2e-07,0.535343685872713
2012-03-24,2,"DS4","2012-03-24_2_DS4",8,"F05","F",5,17817,2e-08,1.03721383766791
2012-03-24,2,"DS4","2012-03-24_2_DS4",8,"F06","F",6,17984,2e-09,1.04693571626086
2012-03-24,2,"DS4","2012-03-24_2_DS4",8,"F07","F",7,17447,2e-10,1.01567434617456
2012-03-24,2,"DS4","2012-03-24_2_DS4",8,"F08","F",8,19490,2e-11,1.13460726812301
2012-03-24,2,"DS4","2012-03-24_2_DS4",8,"F09","F",9,19071,2e-12,1.11021524937783
2012-03-24,2,"DS4","2012-03-24_2_DS4",8,"F10","F",10,19437,2e-13,1.13152188150369
2012-03-24,2,"DS4","2012-03-24_2_DS4",8,"F11","F",11,18729,0,1.09030577345694
2012-03-24,2,"DS4","2012-03-24_2_DS4",8,"G03","G",3,8285,2e-06,0.482309964925558
2012-03-24,2,"DS4","2012-03-24_2_DS4",8,"G04","G",4,8146,2e-07,0.474218101905081
2012-03-24,2,"DS4","2012-03-24_2_DS4",8,"G05","G",5,16176,2e-08,0.941683282152785
2012-03-24,2,"DS4","2012-03-24_2_DS4",8,"G06","G",6,17951,2e-09,1.04501462647902
2012-03-24,2,"DS4","2012-03-24_2_DS4",8,"G07","G",7,15733,2e-10,0.915894107202631
2012-03-24,2,"DS4","2012-03-24_2_DS4",8,"G08","G",8,16608,2e-11,0.966832093842325
2012-03-24,2,"DS4","2012-03-24_2_DS4",8,"G09","G",9,17641,2e-12,1.0269680254981
2012-03-24,2,"DS4","2012-03-24_2_DS4",8,"G10","G",10,18337,2e-13,1.06748555544236
2012-03-24,2,"DS4","2012-03-24_2_DS4",8,"G11","G",11,17286,0,1.00630175663285
2012-03-24,2,"DS4","2012-03-24_2_DS4",8,"H03","H",3,6706,2e-06,0.390388729606613
2012-03-24,2,"DS4","2012-03-24_2_DS4",8,"H04","H",4,7336,2e-07,0.427064079987193
2012-03-24,2,"DS4","2012-03-24_2_DS4",8,"H05","H",5,14538,2e-08,0.846327371163278
2012-03-24,2,"DS4","2012-03-24_2_DS4",8,"H06","H",6,14338,2e-09,0.834684402788491
2012-03-24,2,"DS4","2012-03-24_2_DS4",8,"H07","H",7,14725,2e-10,0.857213546593704
2012-03-24,2,"DS4","2012-03-24_2_DS4",8,"H08","H",8,16548,2e-11,0.963339203329889
2012-03-24,2,"DS4","2012-03-24_2_DS4",8,"H09","H",9,16288,2e-12,0.948203344442666
2012-03-24,2,"DS4","2012-03-24_2_DS4",8,"H10","H",10,16761,2e-13,0.975738964649037
2012-03-24,2,"DS4","2012-03-24_2_DS4",8,"H11","H",11,15594,0,0.907802244182154
2012-03-24,3,"DS5","2012-03-24_3_DS5",8,"A03","A",3,5303,2e-06,0.326685250496681
2012-03-24,3,"DS5","2012-03-24_3_DS5",8,"A04","A",4,5778,2e-07,0.355947082287351
2012-03-24,3,"DS5","2012-03-24_3_DS5",8,"A05","A",5,13267,2e-08,0.817298362877516
2012-03-24,3,"DS5","2012-03-24_3_DS5",8,"A06","A",6,14683,2e-09,0.904529423541914
2012-03-24,3,"DS5","2012-03-24_3_DS5",8,"A07","A",7,14562,2e-10,0.897075356917343
2012-03-24,3,"DS5","2012-03-24_3_DS5",8,"A08","A",8,13693,2e-11,0.843541605704517
2012-03-24,3,"DS5","2012-03-24_3_DS5",8,"A09","A",9,13991,2e-12,0.861899554912138
2012-03-24,3,"DS5","2012-03-24_3_DS5",8,"A10","A",10,14181,2e-13,0.873604287628406
2012-03-24,3,"DS5","2012-03-24_3_DS5",8,"A11","A",11,13200,0,0.813170904498622
2012-03-24,3,"DS5","2012-03-24_3_DS5",8,"B03","B",3,7086,2e-06,0.436524926460396
2012-03-24,3,"DS5","2012-03-24_3_DS5",8,"B04","B",4,7299,2e-07,0.449646547873897
2012-03-24,3,"DS5","2012-03-24_3_DS5",8,"B05","B",5,18130,2e-08,1.11687791655758
2012-03-24,3,"DS5","2012-03-24_3_DS5",8,"B06","B",6,20269,2e-09,1.24864856540019
2012-03-24,3,"DS5","2012-03-24_3_DS5",8,"B07","B",7,18698,2e-10,1.15186890699358
2012-03-24,3,"DS5","2012-03-24_3_DS5",8,"B08","B",8,18418,2e-11,1.13461982720118
2012-03-24,3,"DS5","2012-03-24_3_DS5",8,"B09","B",9,17168,2e-12,1.05761500669942
2012-03-24,3,"DS5","2012-03-24_3_DS5",8,"B10","B",10,18435,2e-13,1.13566709276001
2012-03-24,3,"DS5","2012-03-24_3_DS5",8,"B11","B",11,17406,0,1.07227672452296
2012-03-24,3,"DS5","2012-03-24_3_DS5",8,"C03","C",3,7206,2e-06,0.443917389228566
2012-03-24,3,"DS5","2012-03-24_3_DS5",8,"C04","C",4,7972,2e-07,0.491105943232046
2012-03-24,3,"DS5","2012-03-24_3_DS5",8,"C05","C",5,18478,2e-08,1.13831605858527
2012-03-24,3,"DS5","2012-03-24_3_DS5",8,"C06","C",6,21359,2e-09,1.31579676887773
2012-03-24,3,"DS5","2012-03-24_3_DS5",8,"C07","C",7,18777,2e-10,1.15673561164929
2012-03-24,3,"DS5","2012-03-24_3_DS5",8,"C08","C",8,19539,2e-11,1.20367775022716
2012-03-24,3,"DS5","2012-03-24_3_DS5",8,"C09","C",9,19090,2e-12,1.17601761870293
2012-03-24,3,"DS5","2012-03-24_3_DS5",8,"C10","C",10,18231,2e-13,1.12309990605412
2012-03-24,3,"DS5","2012-03-24_3_DS5",8,"C11","C",11,17090,0,1.05280990590011
2012-03-24,3,"DS5","2012-03-24_3_DS5",8,"D03","D",3,6957,2e-06,0.428578028984614
2012-03-24,3,"DS5","2012-03-24_3_DS5",8,"D04","D",4,7597,2e-07,0.468004497081517
2012-03-24,3,"DS5","2012-03-24_3_DS5",8,"D05","D",5,18610,2e-08,1.14644776763025
2012-03-24,3,"DS5","2012-03-24_3_DS5",8,"D06","D",6,21018,2e-09,1.29478985384485
2012-03-24,3,"DS5","2012-03-24_3_DS5",8,"D07","D",7,19716,2e-10,1.21458163281021
2012-03-24,3,"DS5","2012-03-24_3_DS5",8,"D08","D",8,18787,2e-11,1.1573516502133
2012-03-24,3,"DS5","2012-03-24_3_DS5",8,"D09","D",9,18734,2e-12,1.15408664582403
2012-03-24,3,"DS5","2012-03-24_3_DS5",8,"D10","D",10,16839,2e-13,1.03734733794336
2012-03-24,3,"DS5","2012-03-24_3_DS5",8,"D11","D",11,17235,0,1.06174246507831
2012-03-24,3,"DS6","2012-03-24_3_DS6",8,"E03","E",3,5211,2e-06,0.450710316344844
2012-03-24,3,"DS6","2012-03-24_3_DS6",8,"E04","E",4,5844,2e-07,0.505459813609531
2012-03-24,3,"DS6","2012-03-24_3_DS6",8,"E05","E",5,9683,2e-08,0.837502973165827
2012-03-24,3,"DS6","2012-03-24_3_DS6",8,"E06","E",6,15647,2e-09,1.35334183838952
2012-03-24,3,"DS6","2012-03-24_3_DS6",8,"E07","E",7,13548,2e-10,1.17179492723852
2012-03-24,3,"DS6","2012-03-24_3_DS6",8,"E08","E",8,13043,2e-11,1.12811641836227
2012-03-24,3,"DS6","2012-03-24_3_DS6",8,"E09","E",9,13614,2e-12,1.17750340562631
2012-03-24,3,"DS6","2012-03-24_3_DS6",8,"E10","E",10,14592,2e-13,1.2620926762817
2012-03-24,3,"DS6","2012-03-24_3_DS6",8,"E11","E",11,13703,0,1.18520120224015
2012-03-24,3,"DS6","2012-03-24_3_DS6",8,"F03","F",3,5410,2e-06,0.467922243604991
2012-03-24,3,"DS6","2012-03-24_3_DS6",8,"F04","F",4,5548,2e-07,0.479858152961273
2012-03-24,3,"DS6","2012-03-24_3_DS6",8,"F05","F",5,10447,2e-08,0.903582935109304
2012-03-24,3,"DS6","2012-03-24_3_DS6",8,"F06","F",6,14918,2e-09,1.2902890998335
2012-03-24,3,"DS6","2012-03-24_3_DS6",8,"F07","F",7,13591,2e-10,1.17551408740026
2012-03-24,3,"DS6","2012-03-24_3_DS6",8,"F08","F",8,13600,2e-11,1.17629251627133
2012-03-24,3,"DS6","2012-03-24_3_DS6",8,"F09","F",9,13741,2e-12,1.18848790191796
2012-03-24,3,"DS6","2012-03-24_3_DS6",8,"F10","F",10,14458,2e-13,1.25050273531256
2012-03-24,3,"DS6","2012-03-24_3_DS6",8,"F11","F",11,12351,0,1.06826388738729
2012-03-24,3,"DS6","2012-03-24_3_DS6",8,"G03","G",3,5108,2e-06,0.441801630376024
2012-03-24,3,"DS6","2012-03-24_3_DS6",8,"G04","G",4,5300,2e-07,0.458408112958678
2012-03-24,3,"DS6","2012-03-24_3_DS6",8,"G05","G",5,8547,2e-08,0.739247951218457
2012-03-24,3,"DS6","2012-03-24_3_DS6",8,"G06","G",6,14049,2e-09,1.21512746772764
2012-03-24,3,"DS6","2012-03-24_3_DS6",8,"G07","G",7,11824,2e-10,1.02268255238178
2012-03-24,3,"DS6","2012-03-24_3_DS6",8,"G08","G",8,11944,2e-11,1.03306160399593
2012-03-24,3,"DS6","2012-03-24_3_DS6",8,"G09","G",9,11298,2e-12,0.977187709473047
2012-03-24,3,"DS6","2012-03-24_3_DS6",8,"G10","G",10,12227,2e-13,1.05753886738599
2012-03-24,3,"DS6","2012-03-24_3_DS6",8,"G11","G",11,10761,0,0.930741453499687
2012-03-24,3,"DS6","2012-03-24_3_DS6",8,"H03","H",3,4734,2e-06,0.409453586178563
2012-03-24,3,"DS6","2012-03-24_3_DS6",8,"H04","H",4,4776,2e-07,0.413086254243519
2012-03-24,3,"DS6","2012-03-24_3_DS6",8,"H05","H",5,7765,2e-08,0.671611131532856
2012-03-24,3,"DS6","2012-03-24_3_DS6",8,"H06","H",6,11550,2e-09,0.99898371786278
2012-03-24,3,"DS6","2012-03-24_3_DS6",8,"H07","H",7,12532,2e-10,1.08391895690531
2012-03-24,3,"DS6","2012-03-24_3_DS6",8,"H08","H",8,11093,2e-11,0.959456829632192
2012-03-24,3,"DS6","2012-03-24_3_DS6",8,"H09","H",9,10082,2e-12,0.872013319782905
2012-03-24,3,"DS6","2012-03-24_3_DS6",8,"H10","H",10,10260,2e-13,0.887408913010574
2012-03-24,3,"DS6","2012-03-24_3_DS6",8,"H11","H",11,9432,0,0.815793456872878
2012-03-24,4,"DS7","2012-03-24_4_DS7",8,"A03","A",3,6662,2e-06,0.229862848270508
2012-03-24,4,"DS7","2012-03-24_4_DS7",8,"A04","A",4,7423,2e-07,0.256120072457517
2012-03-24,4,"DS7","2012-03-24_4_DS7",8,"A05","A",5,11154,2e-08,0.384852928491331
2012-03-24,4,"DS7","2012-03-24_4_DS7",8,"A06","A",6,19385,2e-09,0.668851893383939
2012-03-24,4,"DS7","2012-03-24_4_DS7",8,"A07","A",7,20883,2e-10,0.720538255844044
2012-03-24,4,"DS7","2012-03-24_4_DS7",8,"A08","A",8,24361,2e-11,0.840541706202019
2012-03-24,4,"DS7","2012-03-24_4_DS7",8,"A09","A",9,23897,2e-12,0.824532045199689
2012-03-24,4,"DS7","2012-03-24_4_DS7",8,"A10","A",10,22102,2e-13,0.762598119554904
2012-03-24,4,"DS7","2012-03-24_4_DS7",8,"A11","A",11,24265,0,0.837229362546364
2012-03-24,4,"DS7","2012-03-24_4_DS7",8,"B03","B",3,10708,2e-06,0.369464331924437
2012-03-24,4,"DS7","2012-03-24_4_DS7",8,"B04","B",4,11180,2e-07,0.385750021564737
2012-03-24,4,"DS7","2012-03-24_4_DS7",8,"B05","B",5,19624,2e-08,0.677098248943328
2012-03-24,4,"DS7","2012-03-24_4_DS7",8,"B06","B",6,32494,2e-09,1.12115932027948
2012-03-24,4,"DS7","2012-03-24_4_DS7",8,"B07","B",7,30025,2e-10,1.03596998188562
2012-03-24,4,"DS7","2012-03-24_4_DS7",8,"B08","B",8,31128,2e-11,1.0740274303459
2012-03-24,4,"DS7","2012-03-24_4_DS7",8,"B09","B",9,29619,2e-12,1.02196152850858
2012-03-24,4,"DS7","2012-03-24_4_DS7",8,"B10","B",10,31880,2e-13,1.09997412231519
2012-03-24,4,"DS7","2012-03-24_4_DS7",8,"B11","B",11,27747,0,0.957370827223324
2012-03-24,4,"DS7","2012-03-24_4_DS7",8,"C03","C",3,11229,2e-06,0.387440696972311
2012-03-24,4,"DS7","2012-03-24_4_DS7",8,"C04","C",4,11517,2e-07,0.397377727939274
2012-03-24,4,"DS7","2012-03-24_4_DS7",8,"C05","C",5,19868,2e-08,0.685517122401449
2012-03-24,4,"DS7","2012-03-24_4_DS7",8,"C06","C",6,34481,2e-09,1.18971793323557
2012-03-24,4,"DS7","2012-03-24_4_DS7",8,"C07","C",7,34922,2e-10,1.20493401190374
2012-03-24,4,"DS7","2012-03-24_4_DS7",8,"C08","C",8,35033,2e-11,1.20876390925559
2012-03-24,4,"DS7","2012-03-24_4_DS7",8,"C09","C",9,33663,2e-12,1.16149400500302
2012-03-24,4,"DS7","2012-03-24_4_DS7",8,"C10","C",10,34311,2e-13,1.18385232467869
2012-03-24,4,"DS7","2012-03-24_4_DS7",8,"C11","C",11,33319,0,1.14962477357026
2012-03-24,4,"DS7","2012-03-24_4_DS7",8,"D03","D",3,10670,2e-06,0.368153195894074
2012-03-24,4,"DS7","2012-03-24_4_DS7",8,"D04","D",4,11478,2e-07,0.396032088329164
2012-03-24,4,"DS7","2012-03-24_4_DS7",8,"D05","D",5,20135,2e-08,0.694729578193738
2012-03-24,4,"DS7","2012-03-24_4_DS7",8,"D06","D",6,33438,2e-09,1.15373069956008
2012-03-24,4,"DS7","2012-03-24_4_DS7",8,"D07","D",7,33924,2e-10,1.17049943931683
2012-03-24,4,"DS7","2012-03-24_4_DS7",8,"D08","D",8,34875,2e-11,1.20331234365565
2012-03-24,4,"DS7","2012-03-24_4_DS7",8,"D09","D",9,31942,2e-12,1.10211334425947
2012-03-24,4,"DS7","2012-03-24_4_DS7",8,"D10","D",10,33890,2e-13,1.16932631760545
2012-03-24,4,"DS7","2012-03-24_4_DS7",8,"D11","D",11,30599,0,1.05577503666005
2012-03-24,4,"par","2012-03-24_4_par",8,"E03","E",3,6114,2e-06,0.336674008810573
2012-03-24,4,"par","2012-03-24_4_par",8,"E04","E",4,7059,2e-07,0.388711453744493
2012-03-24,4,"par","2012-03-24_4_par",8,"E05","E",5,12265,2e-08,0.675385462555066
2012-03-24,4,"par","2012-03-24_4_par",8,"E06","E",6,22995,2e-09,1.26624449339207
2012-03-24,4,"par","2012-03-24_4_par",8,"E07","E",7,18505,2e-10,1.01899779735683
2012-03-24,4,"par","2012-03-24_4_par",8,"E08","E",8,18445,2e-11,1.01569383259912
2012-03-24,4,"par","2012-03-24_4_par",8,"E09","E",9,18620,2e-12,1.02533039647577
2012-03-24,4,"par","2012-03-24_4_par",8,"E10","E",10,17146,2e-13,0.944162995594714
2012-03-24,4,"par","2012-03-24_4_par",8,"E11","E",11,14773,0,0.813491189427313
2012-03-24,4,"par","2012-03-24_4_par",8,"F03","F",3,8924,2e-06,0.491409691629956
2012-03-24,4,"par","2012-03-24_4_par",8,"F04","F",4,8263,2e-07,0.455011013215859
2012-03-24,4,"par","2012-03-24_4_par",8,"F05","F",5,17286,2e-08,0.951872246696035
2012-03-24,4,"par","2012-03-24_4_par",8,"F06","F",6,21108,2e-09,1.16233480176211
2012-03-24,4,"par","2012-03-24_4_par",8,"F07","F",7,23545,2e-10,1.29653083700441
2012-03-24,4,"par","2012-03-24_4_par",8,"F08","F",8,19913,2e-11,1.09653083700441
2012-03-24,4,"par","2012-03-24_4_par",8,"F09","F",9,24327,2e-12,1.33959251101322
2012-03-24,4,"par","2012-03-24_4_par",8,"F10","F",10,23030,2e-13,1.2681718061674
2012-03-24,4,"par","2012-03-24_4_par",8,"F11","F",11,24237,0,1.33463656387665
2012-03-24,4,"par","2012-03-24_4_par",8,"G03","G",3,7251,2e-06,0.399284140969163
2012-03-24,4,"par","2012-03-24_4_par",8,"G04","G",4,7178,2e-07,0.395264317180617
2012-03-24,4,"par","2012-03-24_4_par",8,"G05","G",5,13512,2e-08,0.744052863436123
2012-03-24,4,"par","2012-03-24_4_par",8,"G06","G",6,18174,2e-09,1.00077092511013
2012-03-24,4,"par","2012-03-24_4_par",8,"G07","G",7,17924,2e-10,0.987004405286344
2012-03-24,4,"par","2012-03-24_4_par",8,"G08","G",8,18497,2e-11,1.01855726872247
2012-03-24,4,"par","2012-03-24_4_par",8,"G09","G",9,18557,2e-12,1.02186123348018
2012-03-24,4,"par","2012-03-24_4_par",8,"G10","G",10,19323,2e-13,1.06404185022026
2012-03-24,4,"par","2012-03-24_4_par",8,"G11","G",11,19915,0,1.096640969163
2012-03-24,4,"par","2012-03-24_4_par",8,"H03","H",3,4775,2e-06,0.262940528634361
2012-03-24,4,"par","2012-03-24_4_par",8,"H04","H",4,4931,2e-07,0.271530837004405
2012-03-24,4,"par","2012-03-24_4_par",8,"H05","H",5,9308,2e-08,0.512555066079295
2012-03-24,4,"par","2012-03-24_4_par",8,"H06","H",6,13471,2e-09,0.741795154185022
2012-03-24,4,"par","2012-03-24_4_par",8,"H07","H",7,14921,2e-10,0.821640969162996
2012-03-24,4,"par","2012-03-24_4_par",8,"H08","H",8,14372,2e-11,0.791409691629956
2012-03-24,4,"par","2012-03-24_4_par",8,"H09","H",9,13543,2e-12,0.745759911894273
2012-03-24,4,"par","2012-03-24_4_par",8,"H10","H",10,15785,2e-13,0.869218061674009
2012-03-24,4,"par","2012-03-24_4_par",8,"H11","H",11,13715,0,0.75523127753304
2012-03-26,1,"DS1","2012-03-26_1_DS1",9,"A03","A",3,6846,4e-06,0.315160722300867
2012-03-26,1,"DS1","2012-03-26_1_DS1",9,"A04","A",4,6760,8e-07,0.311201648079734
2012-03-26,1,"DS1","2012-03-26_1_DS1",9,"A05","A",5,7052,1.6e-07,0.324644086132882
2012-03-26,1,"DS1","2012-03-26_1_DS1",9,"A06","A",6,8387,3.2e-08,0.386101808053954
2012-03-26,1,"DS1","2012-03-26_1_DS1",9,"A07","A",7,15219,6.4e-09,0.700618029900217
2012-03-26,1,"DS1","2012-03-26_1_DS1",9,"A08","A",8,18205,1.28e-09,0.838080769717686
2012-03-26,1,"DS1","2012-03-26_1_DS1",9,"A09","A",9,18495,2.56e-10,0.851431136277319
2012-03-26,1,"DS1","2012-03-26_1_DS1",9,"A10","A",10,19970,5.12e-11,0.919333862744421
2012-03-26,1,"DS1","2012-03-26_1_DS1",9,"A11","A",11,19515,0,0.898387597969824
2012-03-26,1,"DS1","2012-03-26_1_DS1",9,"B03","B",3,8257,4e-06,0.380117160975497
2012-03-26,1,"DS1","2012-03-26_1_DS1",9,"B04","B",4,8417,8e-07,0.387482880456675
2012-03-26,1,"DS1","2012-03-26_1_DS1",9,"B05","B",5,7632,1.6e-07,0.351344819252149
2012-03-26,1,"DS1","2012-03-26_1_DS1",9,"B06","B",6,10475,3.2e-08,0.482224447283315
2012-03-26,1,"DS1","2012-03-26_1_DS1",9,"B07","B",7,20604,6.4e-09,0.948520526188585
2012-03-26,1,"DS1","2012-03-26_1_DS1",9,"B08","B",8,23832,1.28e-09,1.09712391672133
2012-03-26,1,"DS1","2012-03-26_1_DS1",9,"B09","B",9,23204,2.56e-10,1.06821346775771
2012-03-26,1,"DS1","2012-03-26_1_DS1",9,"B10","B",10,21295,5.12e-11,0.980331227197919
2012-03-26,1,"DS1","2012-03-26_1_DS1",9,"B11","B",11,20403,0,0.939267341090357
2012-03-26,1,"DS1","2012-03-26_1_DS1",9,"C03","C",3,8072,4e-06,0.371600547825386
2012-03-26,1,"DS1","2012-03-26_1_DS1",9,"C04","C",4,8339,8e-07,0.383892092209601
2012-03-26,1,"DS1","2012-03-26_1_DS1",9,"C05","C",5,7040,1.6e-07,0.324091657171794
2012-03-26,1,"DS1","2012-03-26_1_DS1",9,"C06","C",6,9346,3.2e-08,0.430250089194259
2012-03-26,1,"DS1","2012-03-26_1_DS1",9,"C07","C",7,19736,6.4e-09,0.9085614980032
2012-03-26,1,"DS1","2012-03-26_1_DS1",9,"C08","C",8,22408,1.28e-09,1.03156901333886
2012-03-26,1,"DS1","2012-03-26_1_DS1",9,"C09","C",9,23512,2.56e-10,1.08239247775898
2012-03-26,1,"DS1","2012-03-26_1_DS1",9,"C10","C",10,24765,5.12e-11,1.14007526844595
2012-03-26,1,"DS1","2012-03-26_1_DS1",9,"C11","C",11,23058,0,1.06149224873114
2012-03-26,1,"DS1","2012-03-26_1_DS1",9,"D03","D",3,6442,4e-06,0.296562280610894
2012-03-26,1,"DS1","2012-03-26_1_DS1",9,"D04","D",4,6842,8e-07,0.314976579313837
2012-03-26,1,"DS1","2012-03-26_1_DS1",9,"D05","D",5,8437,1.6e-07,0.388403595391822
2012-03-26,1,"DS1","2012-03-26_1_DS1",9,"D06","D",6,8855,3.2e-08,0.407646537536397
2012-03-26,1,"DS1","2012-03-26_1_DS1",9,"D07","D",7,16637,6.4e-09,0.76589671880215
2012-03-26,1,"DS1","2012-03-26_1_DS1",9,"D08","D",8,24670,1.28e-09,1.135701872504
2012-03-26,1,"DS1","2012-03-26_1_DS1",9,"D09","D",9,22704,2.56e-10,1.04519559437904
2012-03-26,1,"DS1","2012-03-26_1_DS1",9,"D10","D",10,23913,5.12e-11,1.10085281220868
2012-03-26,1,"DS1","2012-03-26_1_DS1",9,"D11","D",11,23913,0,1.10085281220868
2012-03-26,1,"DS2","2012-03-26_1_DS2",9,"E03","E",3,11508,4e-06,0.441922755681
2012-03-26,1,"DS2","2012-03-26_1_DS2",9,"E04","E",4,12087,8e-07,0.464157138331269
2012-03-26,1,"DS2","2012-03-26_1_DS2",9,"E05","E",5,11348,1.6e-07,0.435778539404587
2012-03-26,1,"DS2","2012-03-26_1_DS2",9,"E06","E",6,18128,3.2e-08,0.696139704117585
2012-03-26,1,"DS2","2012-03-26_1_DS2",9,"E07","E",7,37921,6.4e-09,1.45621765886159
2012-03-26,1,"DS2","2012-03-26_1_DS2",9,"E08","E",8,35131,1.28e-09,1.34907788754164
2012-03-26,1,"DS2","2012-03-26_1_DS2",9,"E09","E",9,33706,2.56e-10,1.29435596132984
2012-03-26,1,"DS2","2012-03-26_1_DS2",9,"E10","E",10,30714,5.12e-11,1.17945911696092
2012-03-26,1,"DS2","2012-03-26_1_DS2",9,"E11","E",11,27476,0,1.05511554006701
2012-03-26,1,"DS2","2012-03-26_1_DS2",9,"F03","F",3,9374,4e-06,0.359974271094343
2012-03-26,1,"DS2","2012-03-26_1_DS2",9,"F04","F",4,9947,8e-07,0.381978245634246
2012-03-26,1,"DS2","2012-03-26_1_DS2",9,"F05","F",5,9548,1.6e-07,0.366656106294942
2012-03-26,1,"DS2","2012-03-26_1_DS2",9,"F06","F",6,16212,3.2e-08,0.62256271420754
2012-03-26,1,"DS2","2012-03-26_1_DS2",9,"F07","F",7,31133,6.4e-09,1.19554928333477
2012-03-26,1,"DS2","2012-03-26_1_DS2",9,"F08","F",8,29989,1.28e-09,1.15161813695842
2012-03-26,1,"DS2","2012-03-26_1_DS2",9,"F09","F",9,28521,2.56e-10,1.09524495262233
2012-03-26,1,"DS2","2012-03-26_1_DS2",9,"F10","F",10,29744,5.12e-11,1.14220980578516
2012-03-26,1,"DS2","2012-03-26_1_DS2",9,"F11","F",11,31401,0,1.20584084559776
2012-03-26,1,"DS2","2012-03-26_1_DS2",9,"G03","G",3,9296,4e-06,0.356978965659591
2012-03-26,1,"DS2","2012-03-26_1_DS2",9,"G04","G",4,9171,8e-07,0.352178796693644
2012-03-26,1,"DS2","2012-03-26_1_DS2",9,"G05","G",5,9800,1.6e-07,0.376333246930292
2012-03-26,1,"DS2","2012-03-26_1_DS2",9,"G06","G",6,13938,3.2e-08,0.535238040379021
2012-03-26,1,"DS2","2012-03-26_1_DS2",9,"G07","G",7,26463,6.4e-09,1.01621497076697
2012-03-26,1,"DS2","2012-03-26_1_DS2",9,"G08","G",8,27771,1.28e-09,1.06644393882665
2012-03-26,1,"DS2","2012-03-26_1_DS2",9,"G09","G",9,26622,2.56e-10,1.02232078569166
2012-03-26,1,"DS2","2012-03-26_1_DS2",9,"G10","G",10,23730,5.12e-11,0.911264076495493
2012-03-26,1,"DS2","2012-03-26_1_DS2",9,"G11","G",11,23253,0,0.892946631721437
2012-03-26,1,"DS2","2012-03-26_1_DS2",9,"H03","H",3,7068,4e-06,0.271420754010541
2012-03-26,1,"DS2","2012-03-26_1_DS2",9,"H04","H",4,7347,8e-07,0.282134731142536
2012-03-26,1,"DS2","2012-03-26_1_DS2",9,"H05","H",5,7665,1.6e-07,0.294346360991907
2012-03-26,1,"DS2","2012-03-26_1_DS2",9,"H06","H",6,10620,3.2e-08,0.407822355346908
2012-03-26,1,"DS2","2012-03-26_1_DS2",9,"H07","H",7,22071,6.4e-09,0.847556233979436
2012-03-26,1,"DS2","2012-03-26_1_DS2",9,"H08","H",8,21797,1.28e-09,0.837034263606079
2012-03-26,1,"DS2","2012-03-26_1_DS2",9,"H09","H",9,23631,2.56e-10,0.907462342674462
2012-03-26,1,"DS2","2012-03-26_1_DS2",9,"H10","H",10,22264,5.12e-11,0.854967694862859
2012-03-26,1,"DS2","2012-03-26_1_DS2",9,"H11","H",11,22033,0,0.846096982613788
2012-03-26,2,"DS3","2012-03-26_2_DS3",9,"A03","A",3,7958,4e-06,0.349425892994358
2012-03-26,2,"DS3","2012-03-26_2_DS3",9,"A04","A",4,8385,8e-07,0.368174932490285
2012-03-26,2,"DS3","2012-03-26_2_DS3",9,"A05","A",5,8873,1.6e-07,0.389602406199917
2012-03-26,2,"DS3","2012-03-26_2_DS3",9,"A06","A",6,10935,3.2e-08,0.48014226437463
2012-03-26,2,"DS3","2012-03-26_2_DS3",9,"A07","A",7,18089,6.4e-09,0.794265516257218
2012-03-26,2,"DS3","2012-03-26_2_DS3",9,"A08","A",8,18700,1.28e-09,0.821093767151858
2012-03-26,2,"DS3","2012-03-26_2_DS3",9,"A09","A",9,18624,2.56e-10,0.817756701574129
2012-03-26,2,"DS3","2012-03-26_2_DS3",9,"A10","A",10,22341,5.12e-11,0.980965553579661
2012-03-26,2,"DS3","2012-03-26_2_DS3",9,"A11","A",11,19033,0,0.835715383433226
2012-03-26,2,"DS3","2012-03-26_2_DS3",9,"B03","B",3,10004,4e-06,0.439263211047443
2012-03-26,2,"DS3","2012-03-26_2_DS3",9,"B04","B",4,9231,8e-07,0.405321741421326
2012-03-26,2,"DS3","2012-03-26_2_DS3",9,"B05","B",5,11035,1.6e-07,0.4845331401348
2012-03-26,2,"DS3","2012-03-26_2_DS3",9,"B06","B",6,15398,3.2e-08,0.676107049551033
2012-03-26,2,"DS3","2012-03-26_2_DS3",9,"B07","B",7,22308,6.4e-09,0.979516564578805
2012-03-26,2,"DS3","2012-03-26_2_DS3",9,"B08","B",8,23708,1.28e-09,1.04098882522119
2012-03-26,2,"DS3","2012-03-26_2_DS3",9,"B09","B",9,22243,2.56e-10,0.976662495334695
2012-03-26,2,"DS3","2012-03-26_2_DS3",9,"B10","B",10,24188,5.12e-11,1.06206502887001
2012-03-26,2,"DS3","2012-03-26_2_DS3",9,"B11","B",11,23242,0,1.0205273441788
2012-03-26,2,"DS3","2012-03-26_2_DS3",9,"C03","C",3,9944,4e-06,0.436628685591341
2012-03-26,2,"DS3","2012-03-26_2_DS3",9,"C04","C",4,9926,8e-07,0.435838327954511
2012-03-26,2,"DS3","2012-03-26_2_DS3",9,"C05","C",5,11053,1.6e-07,0.485323497771631
2012-03-26,2,"DS3","2012-03-26_2_DS3",9,"C06","C",6,16088,3.2e-08,0.706404092296208
2012-03-26,2,"DS3","2012-03-26_2_DS3",9,"C07","C",7,25593,6.4e-09,1.1237568333004
2012-03-26,2,"DS3","2012-03-26_2_DS3",9,"C08","C",8,26017,1.28e-09,1.14237414652352
2012-03-26,2,"DS3","2012-03-26_2_DS3",9,"C09","C",9,26188,2.56e-10,1.14988254407342
2012-03-26,2,"DS3","2012-03-26_2_DS3",9,"C10","C",10,26117,5.12e-11,1.14676502228369
2012-03-26,2,"DS3","2012-03-26_2_DS3",9,"C11","C",11,24157,0,1.06070385738436
2012-03-26,2,"DS3","2012-03-26_2_DS3",9,"D03","D",3,9930,4e-06,0.436013962984917
2012-03-26,2,"DS3","2012-03-26_2_DS3",9,"D04","D",4,8941,8e-07,0.392588201716832
2012-03-26,2,"DS3","2012-03-26_2_DS3",9,"D05","D",5,8984,1.6e-07,0.394476278293706
2012-03-26,2,"DS3","2012-03-26_2_DS3",9,"D06","D",6,14654,3.2e-08,0.643438933895365
2012-03-26,2,"DS3","2012-03-26_2_DS3",9,"D07","D",7,23521,6.4e-09,1.03277788754967
2012-03-26,2,"DS3","2012-03-26_2_DS3",9,"D08","D",8,21673,1.28e-09,0.951634503501723
2012-03-26,2,"DS3","2012-03-26_2_DS3",9,"D09","D",9,22470,2.56e-10,0.986629783310281
2012-03-26,2,"DS3","2012-03-26_2_DS3",9,"D10","D",10,26857,5.12e-11,1.17925750290896
2012-03-26,2,"DS3","2012-03-26_2_DS3",9,"D11","D",11,24666,0,1.08305341500362
2012-03-26,2,"DS4","2012-03-26_2_DS4",9,"E03","E",3,10014,4e-06,0.537577839811037
2012-03-26,2,"DS4","2012-03-26_2_DS4",9,"E04","E",4,9754,8e-07,0.523620356452652
2012-03-26,2,"DS4","2012-03-26_2_DS4",9,"E05","E",5,9892,1.6e-07,0.531028559158256
2012-03-26,2,"DS4","2012-03-26_2_DS4",9,"E06","E",6,19887,3.2e-08,1.06758642903157
2012-03-26,2,"DS4","2012-03-26_2_DS4",9,"E07","E",7,22751,6.4e-09,1.22133347648701
2012-03-26,2,"DS4","2012-03-26_2_DS4",9,"E08","E",8,20267,1.28e-09,1.08798582778613
2012-03-26,2,"DS4","2012-03-26_2_DS4",9,"E09","E",9,21463,2.56e-10,1.1521902512347
2012-03-26,2,"DS4","2012-03-26_2_DS4",9,"E10","E",10,20865,5.12e-11,1.12008803951041
2012-03-26,2,"DS4","2012-03-26_2_DS4",9,"E11","E",11,19915,0,1.06908954262401
2012-03-26,2,"DS4","2012-03-26_2_DS4",9,"F03","F",3,9097,4e-06,0.488350869658578
2012-03-26,2,"DS4","2012-03-26_2_DS4",9,"F04","F",4,8957,8e-07,0.480835301696371
2012-03-26,2,"DS4","2012-03-26_2_DS4",9,"F05","F",5,8779,1.6e-07,0.471279793858707
2012-03-26,2,"DS4","2012-03-26_2_DS4",9,"F06","F",6,17476,3.2e-08,0.938157612196693
2012-03-26,2,"DS4","2012-03-26_2_DS4",9,"F07","F",7,23250,6.4e-09,1.24812110800945
2012-03-26,2,"DS4","2012-03-26_2_DS4",9,"F08","F",8,22378,1.28e-09,1.20130985613056
2012-03-26,2,"DS4","2012-03-26_2_DS4",9,"F09","F",9,20906,2.56e-10,1.12228902727078
2012-03-26,2,"DS4","2012-03-26_2_DS4",9,"F10","F",10,21959,5.12e-11,1.17881683487224
2012-03-26,2,"DS4","2012-03-26_2_DS4",9,"F11","F",11,20212,0,1.08503328322955
2012-03-26,2,"DS4","2012-03-26_2_DS4",9,"G03","G",3,8349,4e-06,0.44819626368907
2012-03-26,2,"DS4","2012-03-26_2_DS4",9,"G04","G",4,8230,8e-07,0.441808030921194
2012-03-26,2,"DS4","2012-03-26_2_DS4",9,"G05","G",5,8064,1.6e-07,0.432896714623148
2012-03-26,2,"DS4","2012-03-26_2_DS4",9,"G06","G",6,15692,3.2e-08,0.84238780330685
2012-03-26,2,"DS4","2012-03-26_2_DS4",9,"G07","G",7,18463,6.4e-09,0.991142366330256
2012-03-26,2,"DS4","2012-03-26_2_DS4",9,"G08","G",8,18866,1.28e-09,1.01277646553575
2012-03-26,2,"DS4","2012-03-26_2_DS4",9,"G09","G",9,18970,2.56e-10,1.01835945887911
2012-03-26,2,"DS4","2012-03-26_2_DS4",9,"G10","G",10,19696,5.12e-11,1.05733304702598
2012-03-26,2,"DS4","2012-03-26_2_DS4",9,"G11","G",11,18995,0,1.01970152458664
2012-03-26,2,"DS4","2012-03-26_2_DS4",9,"H03","H",3,5832,4e-06,0.313077088254241
2012-03-26,2,"DS4","2012-03-26_2_DS4",9,"H04","H",4,5274,8e-07,0.283122181662014
2012-03-26,2,"DS4","2012-03-26_2_DS4",9,"H05","H",5,5869,1.6e-07,0.315063345501396
2012-03-26,2,"DS4","2012-03-26_2_DS4",9,"H06","H",6,11187,3.2e-08,0.600547562808675
2012-03-26,2,"DS4","2012-03-26_2_DS4",9,"H07","H",7,15409,6.4e-09,0.827195619497531
2012-03-26,2,"DS4","2012-03-26_2_DS4",9,"H08","H",8,13896,1.28e-09,0.745973802877389
2012-03-26,2,"DS4","2012-03-26_2_DS4",9,"H09","H",9,14699,2.56e-10,0.789080953403479
2012-03-26,2,"DS4","2012-03-26_2_DS4",9,"H10","H",10,15164,5.12e-11,0.814043375563668
2012-03-26,2,"DS4","2012-03-26_2_DS4",9,"H11","H",11,15390,0,0.826175649559802
2012-03-26,3,"DS5","2012-03-26_3_DS5",9,"A03","A",3,11996,4e-06,0.385302241922015
2012-03-26,3,"DS5","2012-03-26_3_DS5",9,"A04","A",4,12533,8e-07,0.402550266589581
2012-03-26,3,"DS5","2012-03-26_3_DS5",9,"A05","A",5,14324,1.6e-07,0.460075801374703
2012-03-26,3,"DS5","2012-03-26_3_DS5",9,"A06","A",6,23831,3.2e-08,0.765433288366416
2012-03-26,3,"DS5","2012-03-26_3_DS5",9,"A07","A",7,33236,6.4e-09,1.06751461424809
2012-03-26,3,"DS5","2012-03-26_3_DS5",9,"A08","A",8,29518,1.28e-09,0.948095329864457
2012-03-26,3,"DS5","2012-03-26_3_DS5",9,"A09","A",9,30940,2.56e-10,0.993768870045609
2012-03-26,3,"DS5","2012-03-26_3_DS5",9,"A10","A",10,30238,5.12e-11,0.971221172994154
2012-03-26,3,"DS5","2012-03-26_3_DS5",9,"A11","A",11,28852,0,0.926703924969487
2012-03-26,3,"DS5","2012-03-26_3_DS5",9,"B03","B",3,13145,4e-06,0.422207233249823
2012-03-26,3,"DS5","2012-03-26_3_DS5",9,"B04","B",4,13655,8e-07,0.438588038800026
2012-03-26,3,"DS5","2012-03-26_3_DS5",9,"B05","B",5,14322,1.6e-07,0.460011562921565
2012-03-26,3,"DS5","2012-03-26_3_DS5",9,"B06","B",6,28348,3.2e-08,0.910515834778699
2012-03-26,3,"DS5","2012-03-26_3_DS5",9,"B07","B",7,35392,6.4e-09,1.13676366673091
2012-03-26,3,"DS5","2012-03-26_3_DS5",9,"B08","B",8,32776,1.28e-09,1.05273977002634
2012-03-26,3,"DS5","2012-03-26_3_DS5",9,"B09","B",9,34236,2.56e-10,1.09963384081711
2012-03-26,3,"DS5","2012-03-26_3_DS5",9,"B10","B",10,31297,5.12e-11,1.00523543393075
2012-03-26,3,"DS5","2012-03-26_3_DS5",9,"B11","B",11,32413,0,1.04108049078178
2012-03-26,3,"DS5","2012-03-26_3_DS5",9,"C03","C",3,12945,4e-06,0.415783387936018
2012-03-26,3,"DS5","2012-03-26_3_DS5",9,"C04","C",4,13365,8e-07,0.429273463095009
2012-03-26,3,"DS5","2012-03-26_3_DS5",9,"C05","C",5,14356,1.6e-07,0.461103616624912
2012-03-26,3,"DS5","2012-03-26_3_DS5",9,"C06","C",6,27906,3.2e-08,0.89631913663519
2012-03-26,3,"DS5","2012-03-26_3_DS5",9,"C07","C",7,36982,6.4e-09,1.18783323697565
2012-03-26,3,"DS5","2012-03-26_3_DS5",9,"C08","C",8,32342,1.28e-09,1.03880002569538
2012-03-26,3,"DS5","2012-03-26_3_DS5",9,"C09","C",9,34549,2.56e-10,1.10968715873322
2012-03-26,3,"DS5","2012-03-26_3_DS5",9,"C10","C",10,32731,5.12e-11,1.05129440483073
2012-03-26,3,"DS5","2012-03-26_3_DS5",9,"C11","C",11,32497,0,1.04377850581358
2012-03-26,3,"DS5","2012-03-26_3_DS5",9,"D03","D",3,10022,4e-06,0.321898888674761
2012-03-26,3,"DS5","2012-03-26_3_DS5",9,"D04","D",4,11425,8e-07,0.366962163551102
2012-03-26,3,"DS5","2012-03-26_3_DS5",9,"D05","D",5,11539,1.6e-07,0.37062375537997
2012-03-26,3,"DS5","2012-03-26_3_DS5",9,"D06","D",6,22041,3.2e-08,0.707939872807863
2012-03-26,3,"DS5","2012-03-26_3_DS5",9,"D07","D",7,31994,6.4e-09,1.02762253484936
2012-03-26,3,"DS5","2012-03-26_3_DS5",9,"D08","D",8,34963,1.28e-09,1.12298451853279
2012-03-26,3,"DS5","2012-03-26_3_DS5",9,"D09","D",9,30206,2.56e-10,0.970193357743946
2012-03-26,3,"DS5","2012-03-26_3_DS5",9,"D10","D",10,30611,5.12e-11,0.9832016445044
2012-03-26,3,"DS5","2012-03-26_3_DS5",9,"D11","D",11,30774,0,0.988437078435151
2012-03-26,3,"DS6","2012-03-26_3_DS6",9,"E03","E",3,5820,4e-06,0.408406722571138
2012-03-26,3,"DS6","2012-03-26_3_DS6",9,"E04","E",4,5685,8e-07,0.398933370758921
2012-03-26,3,"DS6","2012-03-26_3_DS6",9,"E05","E",5,5908,1.6e-07,0.414581944493176
2012-03-26,3,"DS6","2012-03-26_3_DS6",9,"E06","E",6,8739,3.2e-08,0.613241640644188
2012-03-26,3,"DS6","2012-03-26_3_DS6",9,"E07","E",7,13955,6.4e-09,0.979263885477702
2012-03-26,3,"DS6","2012-03-26_3_DS6",9,"E08","E",8,13852,1.28e-09,0.972036068909863
2012-03-26,3,"DS6","2012-03-26_3_DS6",9,"E09","E",9,15167,2.56e-10,1.0643135328585
2012-03-26,3,"DS6","2012-03-26_3_DS6",9,"E10","E",10,15103,5.12e-11,1.05982246236974
2012-03-26,3,"DS6","2012-03-26_3_DS6",9,"E11","E",11,15669,0,1.09954036700467
2012-03-26,3,"DS6","2012-03-26_3_DS6",9,"F03","F",3,5295,4e-06,0.371565909968071
2012-03-26,3,"DS6","2012-03-26_3_DS6",9,"F04","F",4,5946,8e-07,0.417248517595874
2012-03-26,3,"DS6","2012-03-26_3_DS6",9,"F05","F",5,5700,1.6e-07,0.399985965404723
2012-03-26,3,"DS6","2012-03-26_3_DS6",9,"F06","F",6,8717,3.2e-08,0.611697835163678
2012-03-26,3,"DS6","2012-03-26_3_DS6",9,"F07","F",7,13289,6.4e-09,0.932528683204098
2012-03-26,3,"DS6","2012-03-26_3_DS6",9,"F08","F",8,15782,1.28e-09,1.10746991333637
2012-03-26,3,"DS6","2012-03-26_3_DS6",9,"F09","F",9,14285,2.56e-10,1.00242096768534
2012-03-26,3,"DS6","2012-03-26_3_DS6",9,"F10","F",10,14670,5.12e-11,1.02943756359426
2012-03-26,3,"DS6","2012-03-26_3_DS6",9,"F11","F",11,15771,0,1.10669801059612
2012-03-26,3,"DS6","2012-03-26_3_DS6",9,"G03","G",3,5248,4e-06,0.368267780077892
2012-03-26,3,"DS6","2012-03-26_3_DS6",9,"G04","G",4,5670,8e-07,0.397880776113119
2012-03-26,3,"DS6","2012-03-26_3_DS6",9,"G05","G",5,5613,1.6e-07,0.393880916459072
2012-03-26,3,"DS6","2012-03-26_3_DS6",9,"G06","G",6,8439,3.2e-08,0.59218974772815
2012-03-26,3,"DS6","2012-03-26_3_DS6",9,"G07","G",7,15911,6.4e-09,1.11652222729027
2012-03-26,3,"DS6","2012-03-26_3_DS6",9,"G08","G",8,14458,1.28e-09,1.01456089260026
2012-03-26,3,"DS6","2012-03-26_3_DS6",9,"G09","G",9,14418,2.56e-10,1.01175397354479
2012-03-26,3,"DS6","2012-03-26_3_DS6",9,"G10","G",10,14646,5.12e-11,1.02775341216098
2012-03-26,3,"DS6","2012-03-26_3_DS6",9,"G11","G",11,14861,0,1.04284060208414
2012-03-26,3,"DS6","2012-03-26_3_DS6",9,"H03","H",3,4047,4e-06,0.283990035437353
2012-03-26,3,"DS6","2012-03-26_3_DS6",9,"H04","H",4,4025,8e-07,0.282446229956844
2012-03-26,3,"DS6","2012-03-26_3_DS6",9,"H05","H",5,4281,1.6e-07,0.300410511911863
2012-03-26,3,"DS6","2012-03-26_3_DS6",9,"H06","H",6,6305,3.2e-08,0.442440616118733
2012-03-26,3,"DS6","2012-03-26_3_DS6",9,"H07","H",7,10207,6.4e-09,0.716255569980001
2012-03-26,3,"DS6","2012-03-26_3_DS6",9,"H08","H",8,12228,1.28e-09,0.85807515525771
2012-03-26,3,"DS6","2012-03-26_3_DS6",9,"H09","H",9,11618,2.56e-10,0.815269639661766
2012-03-26,3,"DS6","2012-03-26_3_DS6",9,"H10","H",10,12077,5.12e-11,0.847479035823304
2012-03-26,3,"DS6","2012-03-26_3_DS6",9,"H11","H",11,10701,0,0.750921020315077
2012-03-26,4,"DS7","2012-03-26_4_DS7",9,"A03","A",3,9999,4e-06,0.270248721257863
2012-03-26,4,"DS7","2012-03-26_4_DS7",9,"A04","A",4,10697,8e-07,0.289113968526389
2012-03-26,4,"DS7","2012-03-26_4_DS7",9,"A05","A",5,11361,1.6e-07,0.307060278248883
2012-03-26,4,"DS7","2012-03-26_4_DS7",9,"A06","A",6,15657,3.2e-08,0.423170739947431
2012-03-26,4,"DS7","2012-03-26_4_DS7",9,"A07","A",7,26875,6.4e-09,0.726366074988007
2012-03-26,4,"DS7","2012-03-26_4_DS7",9,"A08","A",8,30596,1.28e-09,0.826935681128672
2012-03-26,4,"DS7","2012-03-26_4_DS7",9,"A09","A",9,32912,2.56e-10,0.889531544558336
2012-03-26,4,"DS7","2012-03-26_4_DS7",9,"A10","A",10,31887,5.12e-11,0.861828280302979
2012-03-26,4,"DS7","2012-03-26_4_DS7",9,"A11","A",11,32076,0,0.866936491955918
2012-03-26,4,"DS7","2012-03-26_4_DS7",9,"B03","B",3,11820,4e-06,0.319465935120306
2012-03-26,4,"DS7","2012-03-26_4_DS7",9,"B04","B",4,12287,8e-07,0.332087812590796
2012-03-26,4,"DS7","2012-03-26_4_DS7",9,"B05","B",5,12983,1.6e-07,0.350899004709555
2012-03-26,4,"DS7","2012-03-26_4_DS7",9,"B06","B",6,18435,3.2e-08,0.498253342973168
2012-03-26,4,"DS7","2012-03-26_4_DS7",9,"B07","B",7,32428,6.4e-09,0.876450198314831
2012-03-26,4,"DS7","2012-03-26_4_DS7",9,"B08","B",8,38997,1.28e-09,1.05399433772306
2012-03-26,4,"DS7","2012-03-26_4_DS7",9,"B09","B",9,37610,2.56e-10,1.01650709135996
2012-03-26,4,"DS7","2012-03-26_4_DS7",9,"B10","B",10,37663,5.12e-11,1.01793955282877
2012-03-26,4,"DS7","2012-03-26_4_DS7",9,"B11","B",11,38696,0,1.0458590376832
2012-03-26,4,"DS7","2012-03-26_4_DS7",9,"C03","C",3,12511,4e-06,0.338141989364649
2012-03-26,4,"DS7","2012-03-26_4_DS7",9,"C04","C",4,13310,8e-07,0.359737021696386
2012-03-26,4,"DS7","2012-03-26_4_DS7",9,"C05","C",5,13939,1.6e-07,0.376737366297966
2012-03-26,4,"DS7","2012-03-26_4_DS7",9,"C06","C",6,20372,3.2e-08,0.550605755522071
2012-03-26,4,"DS7","2012-03-26_4_DS7",9,"C07","C",7,36749,6.4e-09,0.993236349385461
2012-03-26,4,"DS7","2012-03-26_4_DS7",9,"C08","C",8,38169,1.28e-09,1.03161550571971
2012-03-26,4,"DS7","2012-03-26_4_DS7",9,"C09","C",9,40974,2.56e-10,1.1074278532673
2012-03-26,4,"DS7","2012-03-26_4_DS7",9,"C10","C",10,40413,5.12e-11,1.09226538375778
2012-03-26,4,"DS7","2012-03-26_4_DS7",9,"C11","C",11,39016,0,1.05450786164584
2012-03-26,4,"DS7","2012-03-26_4_DS7",9,"D03","D",3,10346,4e-06,0.27962728974236
2012-03-26,4,"DS7","2012-03-26_4_DS7",9,"D04","D",4,10164,8e-07,0.274708271113604
2012-03-26,4,"DS7","2012-03-26_4_DS7",9,"D05","D",5,10757,1.6e-07,0.290735623019386
2012-03-26,4,"DS7","2012-03-26_4_DS7",9,"D06","D",6,16648,3.2e-08,0.449955066656757
2012-03-26,4,"DS7","2012-03-26_4_DS7",9,"D07","D",7,29249,6.4e-09,0.790529537760901
2012-03-26,4,"DS7","2012-03-26_4_DS7",9,"D08","D",8,38255,1.28e-09,1.03393987715967
2012-03-26,4,"DS7","2012-03-26_4_DS7",9,"D09","D",9,38627,2.56e-10,1.04399413501625
2012-03-26,4,"DS7","2012-03-26_4_DS7",9,"D10","D",10,35187,5.12e-11,0.951019277417785
2012-03-26,4,"DS7","2012-03-26_4_DS7",9,"D11","D",11,38209,0,1.03269660871504
2012-03-26,4,"par","2012-03-26_4_par",9,"E03","E",3,8445,4e-06,0.393037488655668
2012-03-26,4,"par","2012-03-26_4_par",9,"E04","E",4,8643,8e-07,0.402252577199637
2012-03-26,4,"par","2012-03-26_4_par",9,"E05","E",5,9483,1.6e-07,0.441346892234659
2012-03-26,4,"par","2012-03-26_4_par",9,"E06","E",6,16220,3.2e-08,0.754892606985782
2012-03-26,4,"par","2012-03-26_4_par",9,"E07","E",7,25479,6.4e-09,1.18581434854443
2012-03-26,4,"par","2012-03-26_4_par",9,"E08","E",8,23792,1.28e-09,1.10729993251577
2012-03-26,4,"par","2012-03-26_4_par",9,"E09","E",9,24502,2.56e-10,1.14034393689061
2012-03-26,4,"par","2012-03-26_4_par",9,"E10","E",10,24339,5.12e-11,1.13275777813976
2012-03-26,4,"par","2012-03-26_4_par",9,"E11","E",11,20812,0,0.968608195843902
2012-03-26,4,"par","2012-03-26_4_par",9,"F03","F",3,9121,4e-06,0.424499104088614
2012-03-26,4,"par","2012-03-26_4_par",9,"F04","F",4,8917,8e-07,0.415004770437251
2012-03-26,4,"par","2012-03-26_4_par",9,"F05","F",5,8741,1.6e-07,0.40681358062039
2012-03-26,4,"par","2012-03-26_4_par",9,"F06","F",6,16792,3.2e-08,0.781513973890582
2012-03-26,4,"par","2012-03-26_4_par",9,"F07","F",7,26460,6.4e-09,1.23147092360319
2012-03-26,4,"par","2012-03-26_4_par",9,"F08","F",8,25840,1.28e-09,1.20261559583925
2012-03-26,4,"par","2012-03-26_4_par",9,"F09","F",9,26015,2.56e-10,1.21076024480488
2012-03-26,4,"par","2012-03-26_4_par",9,"F10","F",10,25957,5.12e-11,1.20806087543341
2012-03-26,4,"par","2012-03-26_4_par",9,"F11","F",11,25871,0,1.20405836222745
2012-03-26,4,"par","2012-03-26_4_par",9,"G03","G",3,7906,4e-06,0.367951969841528
2012-03-26,4,"par","2012-03-26_4_par",9,"G04","G",4,9314,8e-07,0.433481488376422
2012-03-26,4,"par","2012-03-26_4_par",9,"G05","G",5,8939,1.6e-07,0.416028669164359
2012-03-26,4,"par","2012-03-26_4_par",9,"G06","G",6,14241,3.2e-08,0.662788262397319
2012-03-26,4,"par","2012-03-26_4_par",9,"G07","G",7,23226,6.4e-09,1.08095781071836
2012-03-26,4,"par","2012-03-26_4_par",9,"G08","G",8,22127,1.28e-09,1.0298094152142
2012-03-26,4,"par","2012-03-26_4_par",9,"G09","G",9,23128,2.56e-10,1.07639680729761
2012-03-26,4,"par","2012-03-26_4_par",9,"G10","G",10,24379,5.12e-11,1.13461941218905
2012-03-26,4,"par","2012-03-26_4_par",9,"G11","G",11,21582,0,1.00444465129267
2012-03-26,4,"par","2012-03-26_4_par",9,"H03","H",3,5119,4e-06,0.238242617457473
2012-03-26,4,"par","2012-03-26_4_par",9,"H04","H",4,6144,8e-07,0.285946989970447
2012-03-26,4,"par","2012-03-26_4_par",9,"H05","H",5,5695,1.6e-07,0.265050147767203
2012-03-26,4,"par","2012-03-26_4_par",9,"H06","H",6,9745,3.2e-08,0.453540595257487
2012-03-26,4,"par","2012-03-26_4_par",9,"H07","H",7,14782,6.4e-09,0.687966862913923
2012-03-26,4,"par","2012-03-26_4_par",9,"H08","H",8,17189,1.28e-09,0.799990691829754
2012-03-26,4,"par","2012-03-26_4_par",9,"H09","H",9,17051,2.56e-10,0.793568054359714
2012-03-26,4,"par","2012-03-26_4_par",9,"H10","H",10,15955,5.12e-11,0.742559281409257
2012-03-26,4,"par","2012-03-26_4_par",9,"H11","H",11,17681,0,0.822888790635981
2013-03-08,2,"DS8","2013-03-08_2_DS8",2,"B03","B",3,15865,4e-06,0.524260615740486
2013-03-08,2,"DS8","2013-03-08_2_DS8",2,"B04","B",4,17036,8e-07,0.562956435534505
2013-03-08,2,"DS8","2013-03-08_2_DS8",2,"B05","B",5,18046,1.6e-07,0.596331993170678
2013-03-08,2,"DS8","2013-03-08_2_DS8",2,"B06","B",6,21096,3.2e-08,0.697119568210607
2013-03-08,2,"DS8","2013-03-08_2_DS8",2,"B07","B",7,24039,6.4e-09,0.794371316847497
2013-03-08,2,"DS8","2013-03-08_2_DS8",2,"B08","B",8,24898,1.28e-09,0.822757063391529
2013-03-08,2,"DS8","2013-03-08_2_DS8",2,"B09","B",9,25090,2.56e-10,0.829101723853059
2013-03-08,2,"DS8","2013-03-08_2_DS8",2,"B10","B",10,26400,5.12e-11,0.872390813460373
2013-03-08,2,"DS8","2013-03-08_2_DS8",2,"B11","B",11,26553,0,0.877446714765655
2013-03-08,2,"DS8","2013-03-08_2_DS8",2,"C03","C",3,18964,4e-06,0.626667401002368
2013-03-08,2,"DS8","2013-03-08_2_DS8",2,"C04","C",4,20418,8e-07,0.67471498595583
2013-03-08,2,"DS8","2013-03-08_2_DS8",2,"C05","C",5,20736,1.6e-07,0.685223329845239
2013-03-08,2,"DS8","2013-03-08_2_DS8",2,"C06","C",6,25363,3.2e-08,0.838123037946797
2013-03-08,2,"DS8","2013-03-08_2_DS8",2,"C07","C",7,29002,6.4e-09,0.958374180756733
2013-03-08,2,"DS8","2013-03-08_2_DS8",2,"C08","C",8,30318,1.28e-09,1.00186154100347
2013-03-08,2,"DS8","2013-03-08_2_DS8",2,"C09","C",9,29574,2.56e-10,0.977275981715041
2013-03-08,2,"DS8","2013-03-08_2_DS8",2,"C10","C",10,29303,5.12e-11,0.968320757834444
2013-03-08,2,"DS8","2013-03-08_2_DS8",2,"C11","C",11,31221,0,1.0317012722366
2013-03-08,2,"DS8","2013-03-08_2_DS8",2,"D03","D",3,22197,4e-06,0.733502230544693
2013-03-08,2,"DS8","2013-03-08_2_DS8",2,"D04","D",4,23692,8e-07,0.782904664867544
2013-03-08,2,"DS8","2013-03-08_2_DS8",2,"D05","D",5,23060,1.6e-07,0.762020157515008
2013-03-08,2,"DS8","2013-03-08_2_DS8",2,"D06","D",6,28674,3.2e-08,0.947535385801619
2013-03-08,2,"DS8","2013-03-08_2_DS8",2,"D07","D",7,31843,6.4e-09,1.05225532852343
2013-03-08,2,"DS8","2013-03-08_2_DS8",2,"D08","D",8,33188,1.28e-09,1.09670099686071
2013-03-08,2,"DS8","2013-03-08_2_DS8",2,"D09","D",9,33501,2.56e-10,1.10704411521727
2013-03-08,2,"DS8","2013-03-08_2_DS8",2,"D10","D",10,31377,5.12e-11,1.0368563088616
2013-03-08,2,"DS8","2013-03-08_2_DS8",2,"D11","D",11,33011,0,1.09085201299774
2013-03-08,2,"DS9","2013-03-08_2_DS9",2,"E03","E",3,7413,4e-06,0.305837860138898
2013-03-08,2,"DS9","2013-03-08_2_DS9",2,"E04","E",4,8986,8e-07,0.370735061541635
2013-03-08,2,"DS9","2013-03-08_2_DS9",2,"E05","E",5,10497,1.6e-07,0.433074331293406
2013-03-08,2,"DS9","2013-03-08_2_DS9",2,"E06","E",6,14601,3.2e-08,0.602392903802517
2013-03-08,2,"DS9","2013-03-08_2_DS9",2,"E07","E",7,27028,6.4e-09,1.11509317197277
2013-03-08,2,"DS9","2013-03-08_2_DS9",2,"E08","E",8,30226,1.28e-09,1.24703293680809
2013-03-08,2,"DS9","2013-03-08_2_DS9",2,"E09","E",9,23253,2.56e-10,0.959348139998625
2013-03-08,2,"DS9","2013-03-08_2_DS9",2,"E10","E",10,24544,5.12e-11,1.01261087808568
2013-03-08,2,"DS9","2013-03-08_2_DS9",2,"E11","E",11,22895,0,0.944578147562401
2013-03-08,2,"DS9","2013-03-08_2_DS9",2,"F03","F",3,6084,4e-06,0.251007357491577
2013-03-08,2,"DS9","2013-03-08_2_DS9",2,"F04","F",4,7265,8e-07,0.29973182974627
2013-03-08,2,"DS9","2013-03-08_2_DS9",2,"F05","F",5,7831,1.6e-07,0.323083270301863
2013-03-08,2,"DS9","2013-03-08_2_DS9",2,"F06","F",6,14523,3.2e-08,0.599174860757753
2013-03-08,2,"DS9","2013-03-08_2_DS9",2,"F07","F",7,28538,6.4e-09,1.17739118476243
2013-03-08,2,"DS9","2013-03-08_2_DS9",2,"F08","F",8,27904,1.28e-09,1.15123427078319
2013-03-08,2,"DS9","2013-03-08_2_DS9",2,"F09","F",9,26123,2.56e-10,1.07775562126109
2013-03-08,2,"DS9","2013-03-08_2_DS9",2,"F10","F",10,26097,5.12e-11,1.07668294024617
2013-03-08,2,"DS9","2013-03-08_2_DS9",2,"F11","F",11,25349,0,1.04582273258612
2013-03-08,2,"DS9","2013-03-08_2_DS9",2,"G03","G",3,6662,4e-06,0.274853881592519
2013-03-08,2,"DS9","2013-03-08_2_DS9",2,"G04","G",4,7093,8e-07,0.292635632262944
2013-03-08,2,"DS9","2013-03-08_2_DS9",2,"G05","G",5,8713,1.6e-07,0.359471910884962
2013-03-08,2,"DS9","2013-03-08_2_DS9",2,"G06","G",6,12753,3.2e-08,0.526150037818882
2013-03-08,2,"DS9","2013-03-08_2_DS9",2,"G07","G",7,26408,6.4e-09,1.08951385546311
2013-03-08,2,"DS9","2013-03-08_2_DS9",2,"G08","G",8,27216,1.28e-09,1.12284948084989
2013-03-08,2,"DS9","2013-03-08_2_DS9",2,"G09","G",9,25400,2.56e-10,1.04792683765385
2013-03-08,2,"DS9","2013-03-08_2_DS9",2,"G10","G",10,24562,5.12e-11,1.0133535034037
2013-03-08,2,"DS9","2013-03-08_2_DS9",2,"G11","G",11,24471,0,1.00959911985147
